id,subject,gold_score,gemini_solution,full_marks,abs_err,normalized_err,transcription,reasoning
409687897136,Bangla,2.0,0.0,2.5,2.0,0.8,,Content/Response to Question: 0/2.5 The student did not provide any answer to the question. The answer space is blank.
359592828133,Bangla,2.0,0.0,2.5,2.0,0.8,,"Understanding and interpretation of the poem's essence (সারমর্ম): 0/2 No answer provided by the student. | Clarity, conciseness, and grammatical correctness: 0/0.5 No answer provided by the student."
442427989966,Bangla,2.0,0.0,2.5,2.0,0.8,,ইতিমধে ্য: 0/0.5 No answer provided. | সম্ম বর্ধনা: 0/0.5 No answer provided. | ৈ পত্রিক: 0/0.5 No answer provided. | অপোরাহ্ন: 0/0.5 No answer provided. | দৈ ন্যতা: 0/0.5 No answer provided.
150340314370,Bangla,2.0,0.0,4.0,2.0,0.5,,Content/Completeness: 0/4 The student did not provide any answer to the question. The page is blank.
418842030335,Bangla,2.0,0.0,4.0,2.0,0.5,,"Content and Accuracy: 0.0/2.0 The student provided no answer, so there is no content to evaluate for accuracy or relevance to the original passage. | Conciseness and Structure: 0.0/1.0 No answer was provided, thus no structure or conciseness could be assessed. | Language and Grammar: 0.0/1.0 As no t"
843258360632,Bangla,2.0,0.0,4.0,2.0,0.5,,"Content and elaboration of the idea: 0.0/2.0 No answer provided by the student. | Language, grammar, and vocabulary: 0.0/1.0 No answer provided by the student. | Structure and coherence: 0.0/1.0 No answer provided by the student."
919961648827,Bangla,2.0,0.0,5.0,2.0,0.4,The answer sheet is blank. No response was provided by the student.,Rule 1 with example: 0.0/1.0 No answer provided by the student. | Rule 2 with example: 0.0/1.0 No answer provided by the student. | Rule 3 with example: 0.0/1.0 No answer provided by the student. | Rule 4 with example: 0.0/1.0 No answer provided by the student. | Rule 5 with example: 0.0/1.0 No answ
621290130824,Bangla,2.0,0.0,5.5,2.0,0.364,,সন্ধি (Sandhi) definition and example: 0/1.5 No answer provided by the student. | অপিনিহিতি (Aponihiti) definition and example: 0/2 No answer provided by the student. | বচন (Bochon) definition and example: 0/2 No answer provided by the student.
677699408713,Bangla,2.0,2.1,2.5,0.1,0.04,১১। পেরিকন্ড্রিয়াম আবৃত অধিক চাপ-টানসহতা সম্পন্ন। স্থিতিস্থাপক নমনীয় যোজক টিস্যুই তরুণাস্থি। প্রকারভেদ: ① ক্যালসিফাইড : ফিশারের মস্তক ② পীততন্তুময় : পিনার পিন ③ শ্বেত তন্তুময় : ইন্টারভার্টিব্রাল ডিক ,"Definition of Cartilage: 0.75/1.0 The student provides a good definition, mentioning perichondrium, pressure/tension tolerance, elasticity, flexibility, and connective tissue. It is comprehensive but misses 'blood vessel-less' from the model answer. | Identification of Calcified Cartilage type: 0.2/"
