id,subject,marks_col,question_source,question_text,red_score,red_score_raw,full_marks_on_page,status,gold_score,token_score,matched,full_marks,full_marks_source,full_marks_reliable,gold_usable,score_rubric,transcription_rubric,confidence_rubric,reasoning_rubric,score_solution,transcription_solution,confidence_solution,reasoning_solution
994080720760,Bangla,,BN_UNICODE,"নিচের শãগুলোর বিপরীতার্থক শã লেখ: মূর্ত, প্রাচীন, ক্ষয়িòু, তীব্র, নিগ্রহ",,,,NO_REDMARK,,,,2.5,rubric,True,False,0.0,,1.0,বিপরীত শব্দ: মূর্ত: 0.0/0.5 No answer provided by the student. | বিপরীত শব্দ: প্রাচীন: 0.0/0.5 No answer provided by the student. | বিপরীত শব্দ: ক্ষয়িòু: 0.0/0.5 No answer provided by the student. | বিপরীত শব্দ: তীব্র: 0.0/0.5 No answer provided by the student. | বিপরীত শব্দ: নিগ্রহ: 0.0/0.5 No answer provided by the student.,0.0,,1.0,মূর্ত: 0/0.5 No answer provided. | প্রাচীন: 0/0.5 No answer provided. | ক্ষয়িòু: 0/0.5 No answer provided. | তীব্র: 0/0.5 No answer provided. | নিগ্রহ: 0/0.5 No answer provided.
754323170721,Bangla,,BN_UNICODE,বাক্য কাকে বলে? গঠন অনুসারে বাক্যের শ্রেণিবিভাগ আলোচনা কর।,,,,NO_REDMARK,,,,10.0,rubric,True,False,0.0,,1.0,বাক্য কাকে বলে লেখার জন্য: 0.0/1.0 No answer was provided for this part of the question. | গঠন অনুসারে ১ টি শ্রেণিবিভাগ সংÁা ও উদাহরণসহ লেখার জন্য: 0.0/2.0 No answer was provided for this part of the question. | গঠন অনুসারে ২ টি শ্রেণিবিভাগ সংÁা ও উদাহরণসহ লেখার জন্য: 0.0/3.0 No answer was provided for this part of the question. | গঠন অনুসারে ৩ টি শ্রেণিবিভাগ সংÁা ও উদাহরণসহ লেখার জন্য: 0.0/4.0 No answer was provided for this part of the question.,0.0,,1.0,Definition of a sentence: 0.0/3.0 No answer provided. | Classification of sentences based on structure (listing types): 0.0/1.0 No answer provided. | Explanation of Simple Sentence (সরল বাক্য): 0.0/2.0 No answer provided. | Explanation of Complex Sentence (জটিল বাক্য): 0.0/2.0 No answer provided. | Explanation of Compound Sentence (যৌগিক বাক্য): 0.0/2.0 No answer provided.
476536117705,Bangla,,BN_UNICODE,"সারমর্ম লেখ: বহুদিন ধরে বহু ক্রোশ দূরে বহু ব্যয় করি বহু দেশ ঘুরে দেখিতে গিয়াছি পর্বতমালা, দেখিতে গিয়াছি সিন্ধু। দেখা হয় নাই চক্ষু মেলিয়া ঘর হতে শুধু দুই পা ফেলিয়া একটি ধানের শিষের উপরে একটি শিশির বিন্দু।",,,,NO_REDMARK,,,,2.5,rubric,True,False,0.0,,1.0,প্রচুর অর্থ ও সময় খরচ করে এবং যথেষ্ট কষ্ট করে মানুষ দূরদূরান্েতর সেৌন্দর্য উপভোগ করতে ছুটে যায় - নির্ধারিত অংশে লেখার ভাব ঠিকমতো বোঝাতে পারলে ১.৫ নম্বর।: 0/1.5 No answer provided by the student. | কিন্তু ঘরের কাছের অনুপম সেৌন্দর্যটুকু লক্ষ না করলে সেৌন্দর্য উপভোগের বিষয়টি কখনোই পূর্ণতা পায় না - নির্ধারিত অংশে লেখার ভাব ঠিকমতো বোঝাতে পারলে ০১ নম্বর।: 0/1 No answer provided by the student.,0.0,,1.0,Content and understanding of the poem's essence: 0.0/2.0 The student did not provide any answer. | Clarity and conciseness of expression (language and grammar): 0.0/0.5 The student did not provide any answer.
413850273393,Bangla,,BN_UNICODE,"নিচের শãগুলোর দুইটি করে সমার্থক শã লেখ: গগন, পিক, গৃহ, বসুন্ধরা , তটিনী",,,,NO_REDMARK,,,,3.25,rubric,True,False,0.0,,1.0,Synonyms for গগন: 0/0.5 No answer provided for this word. | Synonyms for পিক: 0/0.5 No answer provided for this word. | Synonyms for গৃহ: 0/0.5 No answer provided for this word. | Synonyms for বসুন্ধরা: 0/0.5 No answer provided for this word. | Synonyms for তটিনী: 0/0.5 No answer provided for this word.,0.0,,1.0,Synonyms for গগন: 0/0.65 No answer provided. | Synonyms for পিক: 0/0.65 No answer provided. | Synonyms for গৃহ: 0/0.65 No answer provided. | Synonyms for বসুন্ধরা: 0/0.65 No answer provided. | Synonyms for তটিনী: 0/0.65 No answer provided.
827616542831,Bangla,,BN_UNICODE,"Òউপসগর্ের অর্থবাচকতা নেই, কিন্তু অর্থদ্যোতকতা আছে।""- উদাহরণসহ উক্তিটি বিশ্লেষণ কর।",,,,NO_REDMARK,,,,5.0,rubric,True,False,0.0,,1.0,উপসর্গের সংÁা লেখার জন্য: 0.0/1.0 No answer provided by the student. | উপসর্গের অর্থবাচকতা নেই- বুঝানোর জন্য: 0.0/1.0 No answer provided by the student. | দুটি উপসর্গ উদাহরণসহ লেখার জন্য: 0.0/1.0 No answer provided by the student. | উপসর্গের অর্থদ্যোতনা আছে - বুঝানোর জন্য: 0.0/1.0 No answer provided by the student. | অর্থপূর্ণ উপসর্গযুক্ত দুটি শব্দ উদাহরণের জন্য: 0.0/1.0 No answer provided by the student.,0.0,,1.0,"Content and explanation of 'অর্থবাচকতা নেই, কিন্তু অর্থদ্যোতকতা আছে': 0.0/1.5 The answer sheet is blank; no content was provided to assess this criterion. | Provision of relevant examples: 0.0/1.5 The answer sheet is blank; no examples were provided. | Analysis of how prefixes change meaning: 0.0/1.0 The answer sheet is blank; no analysis was provided. | Overall structure, language, and coherence: 0.0/1.0 The answer sheet is blank; there is no content to evaluate for structure, language, or coherence."
389474867916,Bangla,,BN_UNICODE,"ভাব-সম্প্রসারণ কর: পথ পথিকের সৃষ্টি করে না, পথিকই পথের সৃষ্টি করে।",,,,NO_REDMARK,,,,4.0,rubric,True,False,0.0,,1.0,"মানবজীবন চআল, গতিময়। চলমানতা এর বৈশিষ্ট্য - নির্ধারিত অংশে লেখার ভাব ঠিকমতো বোঝাতে পারলে ০.৫ নম্বর।: 0.0/0.5 The student did not provide any answer, so the ভাব (essence) of this part was not conveyed. | জীবনের উদ্দেশ্য সাধনের জন্য গতানুগতিক পথ পরিহার করে নতুন পথ ও পন্থা তার নিজেকেই তৈরি করে নিতে হয় - নির্ধারিত অংশে লেখার ভাব ঠিকমতো বোঝাতে পারলে ০.৫ নম্বর।: 0.0/0.5 The student did not provide any answer, so the ভাব (essence) of this part was not conveyed. | সকল বাধা-বিঘ্ন অতিক্রম করে পথিক তার সৃষ্ট নতুন পথে এগিয়ে যায়। আর এভাবেই এগিয়ে চলার নেশায় অবিরাম চলতে গিয়ে পৃথিবীতে অসংখ্য পথ তৈরি হয়েছে; নিমর্িত হয়েছে মানবসভ্যতা - নির্ধারিত অংশে লেখার ভাব ঠিকমতো বোঝাতে পারলে ০.৫ নম্বর।: 0.0/0.5 The student did not provide any answer, so the ভাব (essence) of this part was not conveyed. | মানুষ তার জীবন রক্ষা ও জীবন বিকাশের জন্য প্রয়োজন মতো পথ ও পন্থা তৈরি করতে বাধ্য হয়েছে - নির্ধারিত অংশে লেখার ভাব ঠিকমতো বোঝাতে পারলে ০.৫ নম্বর।: 0.0/0.5 The student did not provide any answer, so the ভাব (essence) of this part was not conveyed. | যুগে যুগে অসংখ্য উদ্যমী মানুষ অসংখ্য পথ সৃষ্টি করে মানুষের জীবনকে করেছেন সহজতর - নির্ধারিত অংশে লেখার ভাব ঠিকমতো বোঝাতে পারলে ০.৫ নম্বর।: 0.0/0.5 The student did not provide any answer, so the ভাব (essence) of this part was not conveyed. | Spelling deductions (0.5 for 2 errors, 1.0 for 3+ errors): 0.0/0.0 No text was provided, so no spelling errors could be assessed.",0.0,,1.0,"Content and understanding of the core idea: 0.0/2.0 No answer provided by the student. | Elaboration and depth of explanation: 0.0/1.0 No answer provided by the student. | Language, grammar, and vocabulary: 0.0/1.0 No answer provided by the student."
993629439125,Bangla,,BN_UNICODE,বাংলা একাডেমি প্রণীত প্রমিত বাংলা বানানের প্াচটি নিয়ম উদাহরণসহ লেখ।,,,,NO_REDMARK,,,,5.0,rubric,True,False,0.0,,1.0,Five correct rules of Bangla Academy's standardized Bangla spelling: 0.0/2.5 No rules were provided by the student. | Examples for five correct rules of Bangla Academy's standardized Bangla spelling: 0.0/2.5 No examples were provided by the student.,0.0,,1.0,Content (five rules with examples): 0.0/5.0 The student did not provide any answer to the question.
745744448664,Bangla,,BN_UNICODE,"সারাংশ ে লখ : নীরব ভাষায় বৃক্ষ আমা দে র সার্থ কতার গান ে গয়ে ে শানায় । অনুভূতির কান দিয়ে সে গান শুনতে হবে । তাহলে বুঝতে পারা যাবে জীবনের মানে বৃি দ্ধ, ধমর্ের মানেও তাই । প্রক … তির যে ধর্ম মানুষেরও সে ধর্ম। পার্থক ্য কেবল তরুলতা ও জীবজন্তুর উপর তা দে র নিজে দে র ে কান হাত ে নই , মানুষের বৃদ্ধির উপরে তার নিজের হাত রয়েছে । আর এখানেই মানুষের মর্যাদা । মানুষকে আত্মা সৃষ্টি করে নিতে হয়, তা তৈরি পাওয়া যায় না । সুখ -দ ুঃখ -ে বদনা উপলক্ষির ফলে অন্তরের যে পরিপকaতা , তাই ে তা আত্মা ।",,,,NO_REDMARK,,,,4.0,rubric,True,False,0.0,,1.0,জীবনের বৃদ্ধির দিক থেকে গাছ ও মানুষের মধে ্য মিল থ াকলেও অমিলও রয়েছে: 0.0/1.0 No answer provided by the student. | তরুলতা ও জীবজন্তু র বৃি দ্ধতে তা দে র নিজের ে কানো প্রভাব ে নই কিন্ তু মানুষ নিজের সৃজনশীলতা দিয়ে নিজেকে বৃি দ্ধ করতে পারে: 0.0/1.0 No answer provided by the student. | মানুষের নিজের ে চষ্টায় আত্মার সৃষ্টি ও বিকাশ সাধিত হয়: 0.0/0.5 No answer provided by the student. | Overall summary quality and adherence to length (remaining 1.5 marks): 0.0/1.5 No answer provided by the student.,0.0,,1.0,"Content and completeness of summary: 0.0/2.0 The student did not provide any answer for this question. | Accuracy and relevance to the original passage: 0.0/1.0 No answer was provided to assess accuracy. | Conciseness and adherence to summary format (approximately one-third of original length): 0.0/0.5 No answer was provided to assess conciseness. | Language, grammar, and spelling: 0.0/0.5 No answer was provided to assess language quality."
680909995289,Bangla,,BN_UNICODE,"নিচের উপসগ গুে লা দিয়ে দ ুÕটি করে শã গঠন কর: নি , প্র , আম, অনু, স",,,,NO_REDMARK,,,,3.25,rubric,True,False,0.0,,1.0,Words formed for prefix 'নি': 0/0.5 No words were provided for this prefix. | Words formed for prefix 'প্র': 0/0.5 No words were provided for this prefix. | Words formed for prefix 'আম': 0/0.5 No words were provided for this prefix. | Words formed for prefix 'অনু': 0/0.5 No words were provided for this prefix. | Words formed for prefix 'স': 0/0.5 No words were provided for this prefix.,0.0,,1.0,Words for 'নি': 0/0.65 No words provided for the prefix 'নি'. | Words for 'প্র': 0/0.65 No words provided for the prefix 'প্র'. | Words for 'আম': 0/0.65 No words provided for the prefix 'আম'. | Words for 'অনু': 0/0.65 No words provided for the prefix 'অনু'. | Words for 'স': 0/0.65 No words provided for the prefix 'স'.
480114976523,Bangla,,BN_UNICODE,অর্থ গতভাবে বাংলা ভাষার শãসমূহকে কয় ভাগে ভাগ করা যায় ? সংÁাসহ উদাহরণ ে লখ ।,,,,NO_REDMARK,,,,5.0,rubric,True,False,0.0,,1.0,তিন ভাগে ভাগ করা যায় লেখার জন্য: 0.0/0.5 The student did not write that the words are divided into three types. | তিনটি সংজ্ঞা লেখার জন্য: 0.0/3.0 The student did not provide any definitions for the types of words. | তিন প্রকারের উদাহরণ লেখার জন্য: 0.0/1.5 The student did not provide any examples for the types of words.,0.0,,1.0,Number of divisions: 0.0/1.0 No answer provided by the student. | Definition of যৌগিক শব্দ (Yogic words) with example: 0.0/1.5 No answer provided by the student. | Definition of রূঢ় বা রূঢ়ি শব্দ (Rudhi words) with example: 0.0/1.5 No answer provided by the student. | Definition of যোগরূঢ় শব্দ (Yogarurho words) with example: 0.0/1.0 No answer provided by the student.
924507082545,Bangla,,BN_UNICODE,"নিচের শã গুে লার সঠিক উচ্চারণ ে লখ : আবৃত্তি , নক্ষত্র , চর্যাপ দ, প্রÁা , অধ্যক্ষ",,,,NO_REDMARK,,,,2.5,rubric,True,False,0.0,,1.0,আবৃত্তি pronunciation: 0.0/0.5 No answer provided by the student. | নক্ষত্র pronunciation: 0.0/0.5 No answer provided by the student. | চর্যাপদ pronunciation: 0.0/0.5 No answer provided by the student. | প্রজ্ঞা pronunciation: 0.0/0.5 No answer provided by the student. | অধ্যক্ষ pronunciation: 0.0/0.5 No answer provided by the student.,0.0,,1.0,আবৃত্তি: 0/0.5 No answer provided for this word. | নক্ষত্র: 0/0.5 No answer provided for this word. | চর্যাপদ: 0/0.5 No answer provided for this word. | প্রজ্ঞা: 0/0.5 No answer provided for this word. | অধ্যক্ষ: 0/0.5 No answer provided for this word.
350190572191,Bangla,,BN_UNICODE,"উদাহরণসহ সংÁা দ াও : সমাস , উপসগ , সমীভবন ।",,,,NO_REDMARK,,,,5.5,rubric,True,False,0.0,,1.0,সমাস definition and example: 0/2.2 No answer provided by the student. | উপসর্গ definition and example: 0/2.2 No answer provided by the student. | সমীভবন definition and example: 0/1.1 No answer provided by the student.,0.0,,1.0,Definition of সমাস with example: 0/1.83 No answer provided. | Definition of উপসর্গ with example: 0/1.83 No answer provided. | Definition of সমীভবন with example: 0/1.84 No answer provided.
450520536248,Bangla,,BN_UNICODE,ভাব-সম্প্রসারণ কর: দ ুর্জন বিদ্বান হইলেও পরিত্যাজ ্য।,,,,NO_REDMARK,,,,6.5,rubric,True,False,0.0,,1.0,"বিদ্বান সব সমাজেই আদৃত ও সম্মানিত । কিন্তু দুর্জন বিদ্বান হলেও সকল সমাজেই ঘৃণিত - নির্ধারিত অংশে লেখার ভাব ঠিকমতো বোঝাতে পারলে ০১ নম্বর ।: 0/1 The student did not write any answer. | কল্যাণ ও সত্যের প্রতি তীব্র অনুরাগই চরিত্রের বৈশিষ্ট্য - নির্ধারিত অংশে লেখার ভাব ঠিকমতো বোঝাতে পারলে ০.৫ নম্বর ।: 0/0.5 The student did not write any answer. | চরিত্রবান ব্যক্তি তার সমস্ত জ্ঞানকে সত্য ও কল্যাণের পথে চালিত করে । মানবকল্যাণে নিমগ্ন চরিত্রবান ব্যক্তি অহংকারহীন ও হিংসাদ্বেষহীন সংযত জীবনেই সুখ খুঁজে পান - নির্ধারিত অংশে লেখার ভাব ঠিকমতো বোঝাতে পারলে ০১ নম্বর ।: 0/1 The student did not write any answer. | কিন্তু , দুর্জনের চিন্তা ও চেতনা বিদ্যার এ ধারা থেকে বিচ্যুত , ফলে সে হয় দুর্জন - নির্ধারিত অংশে লেখার ভাব ঠিকমতো বোঝাতে পারলে ০.৫ নম্বর ।: 0/0.5 The student did not write any answer. | বিদ্যা মানুষের চোখ , মন খুলে দেয় এবং চিন্তাকে করে পরিশুদ্ধ। যার মাধ্যমে একজন মানুষ তার চরিত্র গঠনের শিক্ষা নেওয়ার পাশাপাশি বিদ্যা শিক্ষার গুণে সমাজের চারপাশকেও আলোকিত করার স্বপ্ন দেখে - নির্ধারিত অংশে লেখার ভাব ঠিকমতো বোঝাতে পারলে ০১ নম্বর ।: 0/1 The student did not write any answer. | প্রবাদে আছে যে, কোনো কোনো বিষধর সাপের মাথায় মণি থাকে । মণি বহু মূল্যবান পদার্থ বটে । কিন্তু তাই বলে যেমন মণি লাভের জন্য সাপের সাহচর্য কামনা বুদ্ধিমানের কাজ নয় , ঠিক তেমন ই দুর্জন বিদ্বান হলেও বিদ্যালাভের জন্য দুর্জনের সাহচর্যও বুদ্ধিমানের কাজ নয় - নির্ধারিত অংশে লেখার ভাব ঠিকমতো বোঝাতে পারলে ০১ নম্বর ।: 0/1 The student did not write any answer. | Spelling mistakes (deduction): 0/0 No answer provided, so no spelling mistakes to deduct for.",0.0,,1.0,Content relevance and depth: 0/3 No content was provided by the student. | Language and grammar: 0/2 No content was provided by the student. | Structure and coherence: 0/1.5 No content was provided by the student.
941445935563,Bangla,,BN_UNICODE,"নিচের শãগুলোর প্রমিত বানানরূপ লেখ: বুদ্ধিজীবি, পোষ্টমাষ্টার, নিশীথীনি, সমিচীন, মূচ্র্ছনা।",,,,NO_REDMARK,,,,2.5,rubric,True,False,0.0,,1.0,বুদ্ধিজীবি: 0.0/0.5 No answer provided. | পোষ্টমাষ্টার: 0.0/0.5 No answer provided. | নিশীথীনি: 0.0/0.5 No answer provided. | সমিচীন: 0.0/0.5 No answer provided. | মূচ্র্ছনা: 0.0/0.5 No answer provided.,0.0,,1.0,Correct standard spelling for বুদ্ধিজীবি: 0/0.5 No answer provided. | Correct standard spelling for পোষ্টমাষ্টার: 0/0.5 No answer provided. | Correct standard spelling for নিশীথীনি: 0/0.5 No answer provided. | Correct standard spelling for সমিচীন: 0/0.5 No answer provided. | Correct standard spelling for মূচ্র্ছনা: 0/0.5 No answer provided.
170140699424,Bangla,,BN_UNICODE,"সারমর্ম লেখ: অ™্ভুত অ্াধার এক এসেছে এ পৃথিবীতে আজ, যারা অন্ধ সবচেয়ে বেশি আজ চোখে দ্যাখে তারা; যাদের হৃদয়ে কোনো প্রেম নেই- প্রীতি নেই- করুণার আলোড়ন নেই পৃথিবী অচল আজ তাদের সুপরামর্শ ছাড়া। যাদের গভীর আস্থা আছে আজো মানুষের প্রতি এখনো যাদের কাছে স্বাভাবিক মনে হয় মহৎ সত্য বা রীতি, কিংবা শিল্প অথবা সাধনা শকুন ও শেয়ালের খাদ্য আজ তাদের হৃদয়।",,,,NO_REDMARK,,,,2.5,rubric,True,False,0.0,,1.0,"অযোগ্য, অর্বাচীন আর অত্যাচারীরাই পৃথিবী পরিচালনা করছে দোর্দণ্ড প্রতাপে - নির্ধারিত অংশে লেখার ভাব ঠিকমতো বোঝাতে পারলে ০১ নম্বর।: 0/1 No answer provided by the student. | অথচ আজ যারা মানবীয় গুণে গুণান্বিত, শিল্প-সাহিত্যের সাধনা করে, তাদের কোনো মর্যাদা নেই - নির্ধারিত অংশে লেখার ভাব ঠিকমতো বোঝাতে পারলে ০১ নম্বর।: 0/1 No answer provided by the student. | তাদের সমস্ত চিন্তা-চেতনাকে আজ চরম অবÁা করা হচ্েছ - নির্ধারিত অংশে লেখার ভাব ঠিকমতো বোঝাতে পারলে ০.৫ নম্বর।: 0/0.5 No answer provided by the student.",0.0,,1.0,Content and understanding of the text (সারমর্ম): 0/2.5 The student did not provide any answer for the question.
704307458042,Bangla,,BN_UNICODE,বাক ্য বলতে কী ে বাঝ ? একটি সার্থক বাক ্য গঠনে কী কী ৈ বশিষ্ট ্য থ াকা আবশ্যক ? উদাহরণসহ আলোচনা কর।,,,,NO_REDMARK,,,,8.0,rubric,True,False,0.0,,1.0,বাক ্য কাকে বলে ে লখার জন্য: 0.0/1.0 The student did not write anything. | সার্থক বাক ্য গঠনের ৩ টি গুণ/ৈ বশিষ্ট্যের নাম ে লখার জন্য: 0.0/1.0 The student did not write anything. | ১ টি ৈ বশিষ্ট ্য সংÁা ও উদাহরণ সহ ে লখার জন্য: 0.0/1.0 The student did not write anything. | ২ টি ৈ বশিষ্ট ্য সংÁা ও উদাহরণ সহ ে লখার জন্য: 0.0/2.0 The student did not write anything. | ৩ টি ৈ বশিষ্ট ্য সংÁা ও উদাহরণ সহ ে লখার জন্য: 0.0/3.0 The student did not write anything.,0.0,,1.0,"Definition of বাক্য: 0.0/2.0 The student did not provide any definition for 'বাক্য'. | Explanation of characteristics (আকাঙ্ক্ষা, আসত্তি, যোগ্যতা): 0.0/4.0 The student did not discuss any characteristics of a meaningful sentence. | Examples for characteristics: 0.0/2.0 The student did not provide any examples."
328993196534,Bangla,,BN_UNICODE,"সারমর্ম লেখ: বহুদিন ধরে বহু ক্রোশ দূরে বহু ব্যয় করি বহু দেশ ঘুরে দেখিতে গিয়াছি পর্বতমালা, দেখিতে গিয়াছি সিন্ধু। দেখা হয় নাই চক্ষু মেলিয়া ঘর হতে শুধু দুই পা ফেলিয়া একটি ধানের শিষের উপরে একটি শিশির বিন্দু।",,,,NO_REDMARK,,,,2.5,rubric,True,False,0.0,,1.0,First part of the summary (traveling far for beauty): 0/1.5 No answer provided by the student. | Second part of the summary (missing close-by beauty): 0/1 No answer provided by the student.,0.0,,1.0,Content of Saramormo (summary): 0/2.5 The student did not provide any answer. The page is blank.
204017073423,Bangla,,BN_UNICODE,"নিচের শãগুলোর বিপরীতার্থক শã লেখ: মূর্ত, প্রাচীন, ক্ষয়িòু, তীব্র, নিগ্রহ",6.0,৬,,NO_MARKSCOL,6.0,,,2.5,inconsistent(gold>full),False,False,0.0,,1.0,মূর্ত: 0.0/0.5 No answer provided. | প্রাচীন: 0.0/0.5 No answer provided. | ক্ষয়িòু: 0.0/0.5 No answer provided. | তীব্র: 0.0/0.5 No answer provided. | নিগ্রহ: 0.0/0.5 No answer provided.,0.0,,1.0,মূর্ত (mūrta): 0/0.5 No answer provided. | প্রাচীন (prācīn): 0/0.5 No answer provided. | ক্ষয়িòু (kṣayiṣṇu): 0/0.5 No answer provided. | তীব্র (tībra): 0/0.5 No answer provided. | নিগ্রহ (nigraha): 0/0.5 No answer provided.
708479059222,Bangla,,BN_UNICODE,"Òউপসগর্ের অর্থবাচকতা নেই, কিন্তু অর্থদ্যোতকতা আছে।""- উদাহরণসহ উক্তিটি বিশ্লেষণ কর।",,,,NO_REDMARK,,,,5.0,rubric,True,False,0.0,,1.0,উপসর্গের সংÁা লেখার জন্য: 0.0/1.0 The student did not provide any answer. | উপসর্গের অর্থবাচকতা নেই- বুঝানোর জন্য: 0.0/1.0 The student did not provide any answer. | দুটি উপসর্গ উদাহরণসহ লেখার জন্য: 0.0/1.0 The student did not provide any answer. | উপসর্গের অর্থদ্যোতনা আছে - বুঝানোর জন্য: 0.0/1.0 The student did not provide any answer. | অর্থপূর্ণ উপসর্গযুক্ত দুটি শব্দ উদাহরণের জন্য: 0.0/1.0 The student did not provide any answer.,0.0,,1.0,"Content and completeness of answer: 0.0/3.0 The student did not provide any answer to the question. The page is blank. | Accuracy of examples and analysis: 0.0/1.0 No answer was provided, so no examples or analysis could be evaluated. | Clarity and coherence of explanation: 0.0/1.0 No answer was provided, so clarity and coherence could not be assessed."
143699716928,Bangla,,BN_UNICODE,"ভাব-সম্প্রসারণ কর: পথ পথিকের সৃষ্টি করে না, পথিকই পথের সৃষ্টি করে।",,,,NO_REDMARK,,,,4.0,rubric,True,False,0.0,,1.0,"মানবজীবন চআল, গতিময়। চলমানতা এর বৈশিষ্ট্য - নির্ধারিত অংশে লেখার ভাব ঠিকমতো বোঝাতে পারলে: 0.0/0.5 No content provided by the student. | জীবনের উদ্দেশ্য সাধনের জন্য গতানুগতিক পথ পরিহার করে নতুন পথ ও পন্থা তার নিজেকেই তৈরি করে নিতে হয় - নির্ধারিত অংশে লেখার ভাব ঠিকমতো বোঝাতে পারলে: 0.0/0.5 No content provided by the student. | সকল বাধা-বিঘ্ন অতিক্রম করে পথিক তার সৃষ্ট নতুন পথে এগিয়ে যায়। আর এভাবেই এগিয়ে চলার নেশায় অবিরাম চলতে গিয়ে পৃথিবীতে অসংখ্য পথ তৈরি হয়েছে; নিমর্িত হয়েছে মানবসভ্যতা - নির্ধারিত অংশে লেখার ভাব ঠিকমতো বোঝাতে পারলে: 0.0/0.5 No content provided by the student. | মানুষ তার জীবন রক্ষা ও জীবন বিকাশের জন্য প্রয়োজন মতো পথ ও পন্থা তৈরি করতে বাধ্য হয়েছে - নির্ধারিত অংশে লেখার ভাব ঠিকমতো বোঝাতে পারলে: 0.0/0.5 No content provided by the student. | যুগে যুগে অসংখ্য উদ্যমী মানুষ অসংখ্য পথ সৃষ্টি করে মানুষের জীবনকে করেছেন সহজতর - নির্ধারিত অংশে লেখার ভাব ঠিকমতো বোঝাতে পারলে: 0.0/0.5 No content provided by the student. | Overall quality, structure, and language (implied from total marks): 0.0/1.5 No content provided to assess overall quality, structure, or language.",0.0,,1.0,Content and elaboration: 0.0/2.0 No answer provided by the student. | Clarity and coherence: 0.0/1.0 No answer provided by the student. | Language and grammar: 0.0/1.0 No answer provided by the student.
580954011732,Bangla,,BN_UNICODE,"নিচের শãগুলোর দুইটি করে সমার্থক শã লেখ: গগন, পিক, গৃহ, বসুন্ধরা , তটিনী",,,,NO_REDMARK,,,,3.25,rubric,True,False,0.0,৬,1.0,"গগন - 2 correct synonyms: 0.0/0.5 No answer provided for this word. | পিক - 2 correct synonyms: 0.0/0.5 No answer provided for this word. | গৃহ - 2 correct synonyms: 0.0/0.5 No answer provided for this word. | বসুন্ধরা - 2 correct synonyms: 0.0/0.5 No answer provided for this word. | তটিনী - 2 correct synonyms: 0.0/0.5 No answer provided for this word. | Spelling deductions: 0.0/0.0 No answer provided, so no spelling errors to deduct marks for.",0.0,,1.0,Synonyms for গগন: 0/0.65 No answer provided. | Synonyms for পিক: 0/0.65 No answer provided. | Synonyms for গৃহ: 0/0.65 No answer provided. | Synonyms for বসুন্ধরা: 0/0.65 No answer provided. | Synonyms for তটিনী: 0/0.65 No answer provided.
326509362829,Bangla,,BN_UNICODE,বাংলা একাডেমি প্রণীত প্রমিত বাংলা বানানের প্াচটি নিয়ম উদাহরণসহ লেখ।,,,,NO_REDMARK,,,,5.0,rubric,True,False,0.0,,1.0,বাংলা একাডেমি প্রণীত প্রমিত বাংলা বানানের যেকোনো সঠিক প্াচটি নিয়ম লেখার জন্য: 0.0/2.5 শিক্ষার্থী কোনো নিয়ম লেখেনি। | বাংলা একাডেমি প্রণীত প্রমিত বাংলা বানানের যেকোনো সঠিক প্াচটি নিয়মের উদাহরণ লেখার জন্য: 0.0/2.5 শিক্ষার্থী কোনো উদাহরণ লেখেনি।,0.0,,1.0,Content - Five rules with examples: 0.0/5.0 The student did not provide any answer. The page is blank.
150340314370,Bangla,,BN_UNICODE,"সারাংশ ে লখ : আজকের দ ুনিয়াটা আðর্যভাবে অথর্ে র বা বিত্তের উপর নির্ভরশীল । লাভ ও ে লাভের দ ুনর্িবার গতি কেবল আগে যাবার ে নশায় লক্ষ্য হীন প্রচণ্ড ে বগে শুধুই আত্মবিনাশের পথে এগিয়ে চলেছে ; মানুষ যি দ এই মূঢ়তাকে জয় না করতে পারে , তবে মনুষ্যত a কথাটাই হয়তো ে লাপ ে পয়ে যাবে । মানুষের জীবন আজ এমন এক পর্যায়ে এসে ে পৌ্ছেছে , ে যখান থেকে আর হয়তো নামবার উপায় ে নই ; এবার উঠবার সি্ড়িটা না খু্জলেই নয় ।",2.0,২,,NO_MARKSCOL,2.0,,,4.0,rubric,True,True,0.0,,1.0,"মানুষ অর্থ আর বিত্তের ে পছনে প্রচণ্ড ে নশায় ছুটছে আর ছুটছে ; ঠিকমতো ে বাঝাতে পারলে: 0.0/1.0 The student did not write any answer. | ফলে মানুষের মনুষ্যত a আজ সর্বনাশের দ্বারপ্রান্েত উপনীত ; ঠিকমতো ে বাঝাতে পারলে: 0.0/0.5 The student did not write any answer. | বর্তমান সভ্যতার জন্য এ এক ভয়াবহ অশনি-সংকেত । এ থেকে মুক্তির পথ ে খ্াজা জরুরি হয়ে পড়েছে ; ঠিকমতো ে বাঝাতে পারলে: 0.0/1.0 The student did not write any answer. | Overall quality of summarization, including conciseness (ideally one-third of the original text) and proper expression of the main idea.: 0.0/1.5 The student did not write any answer.",0.0,,1.0,Content/Completeness: 0/4 The student did not provide any answer to the question. The page is blank.
492951634920,Bangla,,BN_UNICODE,"নিচের উপসগ গুে লা দিয়ে দ ুÕটি করে শã গঠন কর: নি , প্র , আম, অনু, স",,,,NO_REDMARK,,,,3.25,rubric,True,False,0.0,,1.0,Words formed for prefix নি: 0/0.5 No words were formed for this prefix. | Words formed for prefix প্র: 0/0.5 No words were formed for this prefix. | Words formed for prefix আম: 0/0.5 No words were formed for this prefix. | Words formed for prefix অনু: 0/0.5 No words were formed for this prefix. | Words formed for prefix স: 0/0.5 No words were formed for this prefix.,0.0,,1.0,Words for prefix 'নি': 0/0.65 No words provided for the prefix 'নি'. | Words for prefix 'প্র': 0/0.65 No words provided for the prefix 'প্র'. | Words for prefix 'আম': 0/0.65 No words provided for the prefix 'আম'. | Words for prefix 'অনু': 0/0.65 No words provided for the prefix 'অনু'. | Words for prefix 'স': 0/0.65 No words provided for the prefix 'স'.
267410433906,Bangla,,BN_UNICODE,"নিচের শã গুে লার সঠিক উচ্চারণ ে লখ : আবৃত্তি , নক্ষত্র , চর্যাপ দ, প্রÁা , অধ্যক্ষ",,,,NO_REDMARK,,,,2.5,rubric,True,False,0.0,,1.0,Correct pronunciation of 'আবৃত্তি': 0/0.5 No answer provided by the student. | Correct pronunciation of 'নক্ষত্র': 0/0.5 No answer provided by the student. | Correct pronunciation of 'চর্যাপদ': 0/0.5 No answer provided by the student. | Correct pronunciation of 'প্রজ্ঞা': 0/0.5 No answer provided by the student. | Correct pronunciation of 'অধ্যক্ষ': 0/0.5 No answer provided by the student.,0.0,,1.0,আবৃত্তি pronunciation: 0/0.5 No answer provided by the student. | নক্ষত্র pronunciation: 0/0.5 No answer provided by the student. | চর্যাপদ pronunciation: 0/0.5 No answer provided by the student. | প্রজ্ঞা pronunciation: 0/0.5 No answer provided by the student. | অধ্যক্ষ pronunciation: 0/0.5 No answer provided by the student.
621290130824,Bangla,,BN_UNICODE,"উদাহরণসহ সংÁা দ াও : সন্ধি , অপিনিহিতি , বচন ।",2.0,২,,NO_MARKSCOL,2.0,,,5.5,rubric,True,True,0.0,,1.0,Definition of Sandhi with example: 0/1 No answer provided. | Definition of Opinihiti with example: 0/1 No answer provided. | Definition of Bachan with example: 0/0.5 No answer provided.,0.0,,1.0,সন্ধি (Sandhi) definition and example: 0/1.5 No answer provided by the student. | অপিনিহিতি (Aponihiti) definition and example: 0/2 No answer provided by the student. | বচন (Bochon) definition and example: 0/2 No answer provided by the student.
919273509886,Bangla,,BN_UNICODE,অর্থ গতভাবে বাংলা ভাষার শãসমূহকে কয় ভাগে ভাগ করা যায় ? সংÁাসহ উদাহরণ ে লখ ।,,,,NO_REDMARK,,,,5.0,rubric,True,False,0.0,,1.0,তিন ভাগে ভাগ করা যায় লেখার জন্য: 0.0/0.5 The student did not write anything. | তিনটি সংজ্ঞা লেখার জন্য: 0.0/3.0 The student did not write any definitions. | তিন প্রকারের উদাহরণ লেখার জন্য: 0.0/1.5 The student did not provide any examples.,0.0,,1.0,Identifies the correct number of word types based on meaning: 0.0/1.0 The student did not provide any answer. | Provides a correct definition for যৌগিক শব্দ (compound words): 0.0/1.0 The student did not provide any answer. | Provides correct examples for যৌগিক শব্দ: 0.0/0.5 The student did not provide any answer. | Provides a correct definition for রূঢ় বা রূঢ়ি শব্দ (root/idiomatic words): 0.0/1.0 The student did not provide any answer. | Provides correct examples for রূঢ় বা রূঢ়ি শব্দ: 0.0/0.5 The student did not provide any answer. | Provides a correct definition for যোগরূঢ় শব্দ (yogarurha words): 0.0/0.5 The student did not provide any answer. | Provides correct examples for যোগরূঢ় শব্দ: 0.0/0.5 The student did not provide any answer.
695530849669,Bangla,,BN_UNICODE,"নিচের শã গুলোর প্রমিত বানানরূপ লেখ: শিরোচ্েছদ, শান্তনা, পিপিলীকা, কথপোকথন, মরিচিকা",,,,NO_REDMARK,,,,2.5,rubric,True,False,0.0,১,1.0,শিরোচ্েছদ: 0/0.5 No answer provided by the student. | শান্তনা: 0/0.5 No answer provided by the student. | পিপিলীকা: 0/0.5 No answer provided by the student. | কথপোকথন: 0/0.5 No answer provided by the student. | মরিচিকা: 0/0.5 No answer provided by the student.,0.0,,1.0,শিরোচ্েছদ (শিরñেদ): 0/0.5 No answer provided by the student. | শান্তনা (সান্তaনা): 0/0.5 No answer provided by the student. | পিপিলীকা (পিপীলিকা): 0/0.5 No answer provided by the student. | কথপোকথন (কথোপকথন): 0/0.5 No answer provided by the student. | মরিচিকা (মরীচিকা): 0/0.5 No answer provided by the student.
409687897136,Bangla,,BN_UNICODE,"সারমর্ম লেখ: অ™্ভুত অ্াধার এক এসেছে এ পৃথিবীতে আজ, যারা অন্ধ সবচেয়ে বেশি আজ চোখে দ্যাখে তারা; যাদের হৃদয়ে কোনো প্রেম নেই- প্রীতি নেই- করুণার আলোড়ন নেই পৃথিবী অচল আজ তাদের সুপরামর্শ ছাড়া। যাদের গভীর আস্থা আছে আজো মানুষের প্রতি এখনো যাদের কাছে স্বাভাবিক মনে হয় মহৎ সত্য বা রীতি, কিংবা শিল্প অথবা সাধনা শকুন ও শেয়ালের খাদ্য আজ তাদের হৃদয়।",2.0,২,,NO_MARKSCOL,2.0,,,2.5,rubric,True,True,0.0,,1.0,"অযোগ্য, অর্বাচীন আর অত্যাচারীরাই পৃথিবী পরিচালনা করছে দোর্দণ্ড প্রতাপে - নির্ধারিত অংশে লেখার ভাব ঠিকমতো বোঝাতে পারলে ০১ নম্বর।: 0.0/1.0 The student did not write anything for this part of the summary. | অথচ আজ যারা মানবীয় গুণে গুণান্বিত, শিল্প-সাহিত্যের সাধনা করে, তাদের কোনো মর্যাদা নেই - নির্ধারিত অংশে লেখার ভাব ঠিকমতো বোঝাতে পারলে ০১ নম্বর।: 0.0/1.0 The student did not write anything for this part of the summary. | তাদের সমস্ত চিন্তা-চেতনাকে আজ চরম অবÁা করা হচ্েছ - নির্ধারিত অংশে লেখার ভাব ঠিকমতো বোঝাতে পারলে ০.৫ নম্বর।: 0.0/0.5 The student did not write anything for this part of the summary.",0.0,,1.0,Content/Response to Question: 0/2.5 The student did not provide any answer to the question. The answer space is blank.
868526713453,Bangla,,BN_UNICODE,ভাব-সম্প্রসারণ কর: স্বদেশের উপকারে নাই যার মন কে বলে মানুষ তারে? পশু সেই জন।,,,,NO_REDMARK,,,,6.5,rubric,True,False,0.0,,1.0,"দেশপ্রেমহীন ব্যক্তিকে মানুষ বলা যায় না, তারা পশুর চেয়েও নিক…ষ্ট: 0/0.5 No content provided by the student. | মানবজীবনে-শ্রেষ্ঠতম কর্তব্য এই দেশপ্রেম। যে যে দেশে জন্মগ্রহণ করে, সে সেই দেশকে মায়ের মতো ভালোবাসে, আর এই ভালোবাসা প্রকাশ পায় মাত…ভূমির কল্যাণ কামনায়: 0/1 No content provided by the student. | নিজের জন্মভূমিকে যারা ভালোবাসে না, তারা নরাধম, তাদের তুলনা চলে কেবল পশুর সঙ্গে। দেশপ্রেম বজর্িত এসব মানুষ নামধারী ব্যক্তি পশুর সমতুল্যই বটে: 0/1 No content provided by the student. | জন্মভূমি তার উন্নতি ও কল্যাণের জন্য মানুষ সর্বদা কাজ করে যাবে- এটিই স্বাভাবিক: 0/0.5 No content provided by the student. | দেশপ্রেমিক মানুষের প্রধান কাজ নিজের কল্যাণের পাশাপাশি দেশ ও জাতির কল্যাণে নিজেকে নিয়োজিত রাখা। ত্ারা দেশ ও জাতির মঙ্গলের জন্য নিজের জীবন উৎসর্গ করতেও প্রস্তুত থাকেন: 0/1 No content provided by the student. | দেশপ্রেমিক ব্যক্তিরা মহান। স্বদেশপ্রেমের বশবতর্ী হয়ে দেশ ও জাতির কল্যাণের জন্য নিজের স্বার্থকে জলাÄলি দিতে তারা কখনো পিছপা হন না: 0/1 No content provided by the student. | Overall completeness and adherence to question requirements: 0/1.5 No content provided by the student.",0.0,,1.0,"Content and understanding of the proverb: 0/2.5 The answer sheet is blank, so no content was provided. | Structure and organization of the expansion: 0/1.5 The answer sheet is blank, so no structure or organization could be assessed. | Language quality (grammar, spelling, vocabulary): 0/1.5 The answer sheet is blank, so no language quality could be assessed. | Elaboration and originality: 0/1 The answer sheet is blank, so no elaboration or originality was present."
677699408713,Bangla,2/2,BN_UNICODE,তরুণাি স্থ র সংÁা লিখ । তরুণাি স্থ র প্রকারভে দ উদাহরণসহ লিখ ।,2.0,02,,NO_MARKSCOL,2.0,,,2.5,rubric,True,True,1.75,১১। পেরিকন্ড্রিয়াম আবৃত অধিক চাপ-টানসহতা সম্পন্ন। যোজক টিস্যুই তরুণাস্থি। প্রকারভেদ: ① ক্যালসিফাইড : ফিশারের মস্তক ④ পীততরময় : টকশল্পে পিনা দিতে অনুমম: ইন্টারভার্টিব্রাল ডিক হায়ানিন : টাকিয়া,0.85,"তরুণাস্থির সংজ্ঞা: 0.25/0.5 Student provided a partial definition mentioning perichondrium and pressure resistance, but missed key characteristics like avascular, flexible, strong, and elastic. | ক্যালসিফাইড (Calcified) - নাম: 0.25/0.25 Correctly identified the type name. | পীততন্তুময় (Elastic/Yellow fibrous) - নাম: 0.25/0.25 Student wrote 'পীততরময়' which is a minor deviation from 'পীততন্তুময়' but recognizable. | শ্বেত তন্তুময় (White fibrous) - নাম: 0.0/0.25 Student wrote 'দিতে অনুমম' which is completely incorrect and unrecognizable as 'শ্বেত তন্তুময়'. | স্বচ্ছ বা হায়ালিন (Hyaline) - নাম: 0.25/0.25 Student wrote 'হায়ানিন' which is an acceptable alternative spelling/pronunciation for 'হায়ালিন'. | ক্যালসিফাইড (Calcified) - উদাহরণ: 0.0/0.25 Student provided 'ফিশারের মস্তক' (fish head) which is an incorrect example. Model answer specifies 'হিউমেরাস ও ফিমারের মস্তকে'. | পীততন্তুময় (Elastic/Yellow fibrous) - উদাহরণ: 0.25/0.25 Student provided 'পিনা' (pinna) which is a correct example for elastic cartilage. | শ্বেত তন্তুময় (White fibrous) - উদাহরণ: 0.25/0.25 Student provided 'ইন্টারভার্টিব্রাল ডিক' (intervertebral disc) which is a correct example for white fibrous cartilage. | স্বচ্ছ বা হায়ালিন (Hyaline) - উদাহরণ: 0.25/0.25 Student provided 'টাকিয়া' (trachea) which is a correct example for hyaline cartilage.",2.1,১১। পেরিকন্ড্রিয়াম আবৃত অধিক চাপ-টানসহতা সম্পন্ন। স্থিতিস্থাপক নমনীয় যোজক টিস্যুই তরুণাস্থি। প্রকারভেদ: ① ক্যালসিফাইড : ফিশারের মস্তক ② পীততন্তুময় : পিনার পিন ③ শ্বেত তন্তুময় : ইন্টারভার্টিব্রাল ডিক ④ হায়ালিন : ট্রাকিয়া,0.95,"Definition of Cartilage: 0.75/1.0 The student provides a good definition, mentioning perichondrium, pressure/tension tolerance, elasticity, flexibility, and connective tissue. It is comprehensive but misses 'blood vessel-less' from the model answer. | Identification of Calcified Cartilage type: 0.2/0.2 Correctly identified 'ক্যালসিফাইড' (Calcified) cartilage. | Example for Calcified Cartilage: 0.0/0.175 The example 'ফিশারের মস্তক' (Head of fish) is not a standard or appropriate example for calcified cartilage in the context of human/mammalian biology, which is typically implied in such questions. The model answer provides examples like the head of the humerus and femur. | Identification of Elastic Cartilage type: 0.2/0.2 Correctly identified 'পীততন্তুময়' (Elastic) cartilage. | Example for Elastic Cartilage: 0.175/0.175 The example 'পিনার পিন' (interpreted as Pinna) is correct for elastic cartilage. | Identification of Fibrous Cartilage type: 0.2/0.2 Correctly identified 'শ্বেত তন্তুময়' (Fibrous) cartilage. | Example for Fibrous Cartilage: 0.175/0.175 The example 'ইন্টারভার্টিব্রাল ডিক' (Intervertebral disc) is correct for fibrous cartilage. | Identification of Hyaline Cartilage type: 0.2/0.2 Correctly identified 'হায়ালিন' (Hyaline) cartilage. | Example for Hyaline Cartilage: 0.175/0.175 The example 'ট্রাকিয়া' (Trachea) is correct for hyaline cartilage."
108968420186,Bangla,,BN_UNICODE,"সারমর্ম লেখ: বহুদিন ধরে বহু ক্রোশ দূরে বহু ব্যয় করি বহু দেশ ঘুরে দেখিতে গিয়াছি পর্বতমালা, দেখিতে গিয়াছি সিন্ধু। দেখা হয় নাই চক্ষু মেলিয়া ঘর হতে শুধু দুই পা ফেলিয়া একটি ধানের শিষের উপরে একটি শিশির বিন্দু।",,,,NO_REDMARK,,,,2.5,rubric,True,False,0.0,,1.0,প্রচুর অর্থ ও সময় খরচ করে এবং যথেষ্ট কষ্ট করে মানুষ দূরদূরান্েতর সেৌন্দর্য উপভোগ করতে ছুটে যায় - নির্ধারিত অংশে লেখার ভাব ঠিকমতো বোঝাতে পারলে: 0/1.5 No answer provided by the student. | কিন্তু ঘরের কাছের অনুপম সেৌন্দর্যটুকু লক্ষ না করলে সেৌন্দর্য উপভোগের বিষয়টি কখনোই পূর্ণতা পায় না - নির্ধারিত অংশে লেখার ভাব ঠিকমতো বোঝাতে পারলে: 0/1 No answer provided by the student.,0.0,,1.0,Content/Relevance: 0.0/2.0 No answer provided by the student. | Language/Grammar/Style: 0.0/0.5 No answer provided by the student.
691252917980,Bangla,,BN_UNICODE,বাক ্য বলতে কী ে বাঝ ? একটি সার্থক বাক ্য গঠনে কী কী ৈ বশিষ্ট ্য থ াকা আবশ্যক ? উদাহরণসহ আলোচনা কর।,,২,,NO_REDMARK,,,,8.0,rubric,True,False,0.0,,1.0,বাক্য কাকে বলে লেখার জন্য: 0.0/1.0 The student did not write a definition for 'বাক্য'. | সার্থক বাক্য গঠনের ৩ টি গুণ/বৈশিষ্ট্যের নাম লেখার জন্য: 0.0/1.0 The student did not list the three characteristics of a meaningful sentence. | ১ টি বৈশিষ্ট্য সংজ্ঞা ও উদাহরণ সহ লেখার জন্য: 0.0/1.0 The student did not provide any characteristic with its definition and example. | ২ টি বৈশিষ্ট্য সংজ্ঞা ও উদাহরণ সহ লেখার জন্য: 0.0/2.0 The student did not provide two characteristics with their definitions and examples. | ৩ টি বৈশিষ্ট্য সংজ্ঞা ও উদাহরণ সহ লেখার জন্য: 0.0/3.0 The student did not provide three characteristics with their definitions and examples.,0.0,,1.0,"Definition of a sentence: 0/2 No answer provided. | Characteristics of a meaningful sentence (Akanksha, Asatti, Jogyota): 0/4 No answer provided. | Examples for each characteristic: 0/2 No answer provided."
659235365915,Bangla,,BN_UNICODE,"নিচের শã গুে লার বিপরীতা র্থক শã ে লখ : অশন , গৃহী , ভূত , ে সৌম ্য, বিনীত",,,,NO_REDMARK,,,,2.5,rubric,True,False,0.0,,1.0,অশন antonym: 0.0/0.5 No answer provided. | গৃহী antonym: 0.0/0.5 No answer provided. | ভূত antonym: 0.0/0.5 No answer provided. | সৌম্য antonym: 0.0/0.5 No answer provided. | বিনীত antonym: 0.0/0.5 No answer provided.,0.0,,1.0,অশন (Ashan): 0/0.5 No answer provided. | গৃহী (Grihi): 0/0.5 No answer provided. | ভূত (Bhoot): 0/0.5 No answer provided. | সৌম্য (Soumya): 0/0.5 No answer provided. | বিনীত (Binit): 0/0.5 No answer provided.
418842030335,Bangla,,BN_UNICODE,"সারাংশ ে লখ : আজকের দ ুনিয়াটা আðর্যভাবে অথর্ে র বা বিত্তের উপর নির্ভরশীল । লাভ ও ে লাভের দ ুনর্িবার গতি কেবল আগে যাবার ে নশায় লক্ষ্য হীন প্রচণ্ড ে বগে শুধুই আত্মবিনাশের পথে এগিয়ে চলেছে ; মানুষ যি দ এই মূঢ়তাকে জয় না করতে পারে , তবে মনুষ্যত a কথাটাই হয়তো ে লাপ ে পয়ে যাবে । মানুষের জীবন আজ এমন এক পর্যায়ে এসে ে পৌ্ছেছে , ে যখান থেকে আর হয়তো নামবার উপায় ে নই ; এবার উঠবার সি্ড়িটা না খু্জলেই নয় ।",2.0,২,,NO_MARKSCOL,2.0,,,4.0,rubric,True,True,0.0,,1.0,মানুষ অর্থ আর বিত্তের ে পছনে প্রচণ্ড ে নশায় ছুটছে আর ছুটছে ; ঠিকমতো ে বাঝাতে পারলে: 0.0/1.0 No answer provided by the student. | ফলে মানুষের মনুষ্যত a আজ সর্বনাশের দ্বারপ্রান্েত উপনীত ; ঠিকমতো ে বাঝাতে পারলে: 0.0/0.5 No answer provided by the student. | বর্তমান সভ্যতার জন্য এ এক ভয়াবহ অশনি-সংকেত । এ থেকে মুক্তির পথ ে খ্াজা জরুরি হয়ে পড়েছে ; ঠিকমতো ে বাঝাতে পারলে: 0.0/1.0 No answer provided by the student. | Overall summary quality and conciseness (remaining marks): 0.0/1.5 No answer provided by the student.,0.0,,1.0,"Content and Accuracy: 0.0/2.0 The student provided no answer, so there is no content to evaluate for accuracy or relevance to the original passage. | Conciseness and Structure: 0.0/1.0 No answer was provided, thus no structure or conciseness could be assessed. | Language and Grammar: 0.0/1.0 As no text was submitted, there is no language or grammar to evaluate."
982850925268,Bangla,,BN_UNICODE,"নিচের উপসগ গুে লা দিয়ে দ ুÕটি করে শã গঠন কর: নি , প্র , আম, অনু, স",,,,NO_REDMARK,,,,3.25,rubric,True,False,0.0,,1.0,Words for 'নি': 0/0.5 No words provided for the prefix 'নি'. | Words for 'প্র': 0/0.5 No words provided for the prefix 'প্র'. | Words for 'আম': 0/0.5 No words provided for the prefix 'আম'. | Words for 'অনু': 0/0.5 No words provided for the prefix 'অনু'. | Words for 'স': 0/0.5 No words provided for the prefix 'স'.,0.0,,1.0,Words formed with 'নি': 0/0.65 No words were provided for the prefix 'নি'. | Words formed with 'প্র': 0/0.65 No words were provided for the prefix 'প্র'. | Words formed with 'আম': 0/0.65 No words were provided for the prefix 'আম'. | Words formed with 'অনু': 0/0.65 No words were provided for the prefix 'অনু'. | Words formed with 'স': 0/0.65 No words were provided for the prefix 'স'.
579478338914,Bangla,,BN_UNICODE,বাংলা বানানে ই-কার ব্যবহারের প্াচটি নিয়ম উদাহরণসহ লেখ।,,,,NO_REDMARK,,,,5.0,rubric,True,False,0.0,,1.0,Correctly stated five rules for ই-কার usage: 0.0/2.5 No rules were provided by the student. | Provided correct examples for five rules: 0.0/2.5 No examples were provided by the student.,0.0,,1.0,Provided five rules for ই-কার usage: 0.0/2.5 No rules were provided by the student. | Provided examples for each rule: 0.0/2.5 No examples were provided as no rules were written.
421735049431,Bangla,,BN_UNICODE,"নিচের শã গুে লার প্রমিত বানানরূপ ে লখ : ইতিমধে ্য, সম্ম বর্ধনা , ৈ পত্রিক , অপোরাহ্ন , দৈ ন্যতা",,,,NO_REDMARK,,,,2.5,rubric,True,False,0.0,,1.0,Standard spelling of 'ইতিমধে ্য': 0.0/0.5 Student did not provide an answer. | Standard spelling of 'সম্ম বর্ধনা': 0.0/0.5 Student did not provide an answer. | Standard spelling of 'ৈ পত্রিক': 0.0/0.5 Student did not provide an answer. | Standard spelling of 'অপোরাহ্ন': 0.0/0.5 Student did not provide an answer. | Standard spelling of 'দৈ ন্যতা': 0.0/0.5 Student did not provide an answer.,0.0,,1.0,Standard spelling for 'ইতিমধে ্য': 0.0/0.5 No answer provided by the student. | Standard spelling for 'সম্ম বর্ধনা': 0.0/0.5 No answer provided by the student. | Standard spelling for 'ৈ পত্রিক': 0.0/0.5 No answer provided by the student. | Standard spelling for 'অপোরাহ্ন': 0.0/0.5 No answer provided by the student. | Standard spelling for 'দৈ ন্যতা': 0.0/0.5 No answer provided by the student.
359592828133,Bangla,,BN_UNICODE,"সারমর্ম লেখ: দৈন্য যদি আসে আসুক, ল¾া কিবা তাহে, মাথা উ্চু রাখিস। সুখের সাথী মুখের পানে যদি নাহি চাহে, ধৈর্য ধরে থাকিস। রুদ্র রূপে তীব্র দুঃখ যদি আসে নেমে বুক ফুলিয়ে দ্াড়াস, আকাশ যদি বজ্র নিয়ে মাথায় পড়ে ভেঙে ঊধের্Ÿ দু'হাত বাড়াস।",2.0,২,,NO_MARKSCOL,2.0,,,2.5,rubric,True,True,0.0,,1.0,"জীবন নিরবচ্িছন্ন সুখের নয়; রোগ, শোক, দুঃখ-দৈন্য অপ্রত্যাশিতভাবে ধŸংস করে দিতে পারে সকল কিছু: 0/1.5 No answer provided by the student. | কিন্তু তারপরেও অসীম সাহস আর ধৈযর্ের সঙ্গে সকল বিপদ মোকাবিলা করতে হবে: 0/1 No answer provided by the student.",0.0,,1.0,"Understanding and interpretation of the poem's essence (সারমর্ম): 0/2 No answer provided by the student. | Clarity, conciseness, and grammatical correctness: 0/0.5 No answer provided by the student."
230010632374,Bangla,,BN_UNICODE,ভাব-সম্প্রসারণ কর: দ ুর্জন বিদ্বান হইলেও পরিত্যাজ ্য।,,,,NO_REDMARK,,,,6.5,rubric,True,False,0.0,,1.0,"বিদ্বান সব সমাজেই আদৃত ও সম্মানিত । কিন্ তু দ ুর্জন বিদ্বান হলেও সকল সমাজেই ঘৃণিত: 0/1 No answer provided by the student. | কল্যাণ ও স ত্যের প্রতি তীব ্র অনুরাগই চরিত্রের ৈ বশিষ্ট ্য: 0/0.5 No answer provided by the student. | চরিত্রবান ব্যক্তি তার সমস্ত Áানকে সত ্য ও কল্যাণের পথে চালিত করে । মানবকল্যাণে নিমগ্ন চরিত্রবান ব্যক্তি অহংকারহীন ও হিংসাদ্বেষহীন সংযত জীবনেই সুখ খু্জে পান: 0/1 No answer provided by the student. | কিন্ তু , দ ুজ ে নর চিন্তা ও ে চতনা বিদ্যার এ ধারা থেকে বিচু্যত , ফলে সে হয় দ ুর্জন: 0/0.5 No answer provided by the student. | বিদ্যা মানুষের ে চাখ , মন খুলে দেয় এবং চিন্তাকে করে পরিশু দ্ধ। যার মাধ ্যমে একজন মানুষ তার চরিত্র গঠনের শিক্ষা ে নওয়ার পাশাপাশি বিদ্যা শিক্ষার গুণে সমাজের চারপাশকেও আলোকিত করার স্ব প্ন দেখে: 0/1 No answer provided by the student. | প্রবা দে আছে যে, ে কানো ে কানো বিষধর সাপের মাথায় মণি থ াকে । মণি বহু মূল্যবান পদা র্থ বটে । কিন্ তু তাই বলে ে যমন মণি লাভের জন্য সাপের সাহচয কামনা বুদ্ধিমানের কাজ নয় , ঠিক ে তমনই দ ুর্জন বিদ্বান হলেও বিদ্য ালাভের জন্য দ ুজ ে নর সাহচর্যও বুদ্ধিমানের কাজ নয়: 0/1 No answer provided by the student. | Spelling mistakes (deduction): 0/0 No answer provided, so no spelling mistakes to deduct for.",0.0,,1.0,"Content and development of the idea: 0/3.5 The student did not provide any answer to the question. | Structure and coherence: 0/1.5 The student did not provide any answer to the question. | Language, grammar, and vocabulary: 0/1.5 The student did not provide any answer to the question."
401134773641,Bangla,,BN_UNICODE,"সারমর্ম লেখ: বহুদিন ধরে বহু ক্রোশ দূরে বহু ব্যয় করি বহু দেশ ঘুরে দেখিতে গিয়াছি পর্বতমালা, দেখিতে গিয়াছি সিন্ধু। দেখা হয় নাই চক্ষু মেলিয়া ঘর হতে শুধু দুই পা ফেলিয়া একটি ধানের শিষের উপরে একটি শিশির বিন্দু।",,,,NO_REDMARK,,,,2.5,rubric,True,False,0.0,,1.0,প্রচুর অর্থ ও সময় খরচ করে এবং যথেষ্ট কষ্ট করে মানুষ দূরদূরান্েতর সেৌন্দর্য উপভোগ করতে ছুটে যায় - নির্ধারিত অংশে লেখার ভাব ঠিকমতো বোঝাতে পারলে: 0/1.5 The student did not write any answer. | কিন্তু ঘরের কাছের অনুপম সেৌন্দর্যটুকু লক্ষ না করলে সেৌন্দর্য উপভোগের বিষয়টি কখনোই পূর্ণতা পায় না - নির্ধারিত অংশে লেখার ভাব ঠিকমতো বোঝাতে পারলে: 0/1 The student did not write any answer.,0.0,,1.0,Content/Relevance to the poem's theme: 0/2 The student did not provide any answer. | Clarity and Conciseness: 0/0.5 The student did not provide any answer.
849935010702,Bangla,,BN_UNICODE,বাক ্য বলতে কী ে বাঝ ? একটি সার্থক বাক ্য গঠনে কী কী ৈ বশিষ্ট ্য থ াকা আবশ্যক ? উদাহরণসহ আলোচনা কর।,,,,NO_REDMARK,,,,8.0,rubric,True,False,0.0,,1.0,বাক্য কাকে বলে লেখার জন্য: 0.0/1.0 The student did not write a definition for 'বাক্য'. | সার্থক বাক্য গঠনের ৩ টি গুণ/বৈশিষ্ট্যের নাম লেখার জন্য: 0.0/1.0 The student did not list any characteristics. | ১ টি বৈশিষ্ট্য সংজ্ঞা ও উদাহরণ সহ লেখার জন্য: 0.0/1.0 The student did not provide any definitions or examples. | ২ টি বৈশিষ্ট্য সংজ্ঞা ও উদাহরণ সহ লেখার জন্য: 0.0/2.0 The student did not provide any definitions or examples. | ৩ টি বৈশিষ্ট্য সংজ্ঞা ও উদাহরণ সহ লেখার জন্য: 0.0/3.0 The student did not provide any definitions or examples.,0.0,,1.0,Definition of a sentence: 0.0/2.0 No answer provided by the student. | Mentioning the three characteristics of a meaningful sentence: 0.0/1.0 No answer provided by the student. | Explanation of Akankha (আকাঙ্ক্ষা) with example: 0.0/1.5 No answer provided by the student. | Explanation of Asatti (আসত্তি) with example: 0.0/1.5 No answer provided by the student. | Explanation of Joggyota (যোগ্যতা) with example: 0.0/2.0 No answer provided by the student.
987676864001,Bangla,,BN_UNICODE,"নিচের শã গুে লার বিপরীতা র্থক শã ে লখ : অশন , গৃহী , ভূত , ে সৌম ্য, বিনীত",,,,NO_REDMARK,,,,2.5,rubric,True,False,0.0,,1.0,অশন: 0.0/0.5 No answer provided by the student. | গৃহী: 0.0/0.5 No answer provided by the student. | ভূত: 0.0/0.5 No answer provided by the student. | সৌম্য: 0.0/0.5 No answer provided by the student. | বিনীত: 0.0/0.5 No answer provided by the student.,0.0,,1.0,Antonym for 'অশন': 0/0.5 No answer provided. | Antonym for 'গৃহী': 0/0.5 No answer provided. | Antonym for 'ভূত': 0/0.5 No answer provided. | Antonym for 'সৌম্য': 0/0.5 No answer provided. | Antonym for 'বিনীত': 0/0.5 No answer provided.
148298776225,Bangla,,BN_UNICODE,"নিচের শãগুলোর দুইটি করে সমার্থক শã লেখ: গগন, পিক, গৃহ, বসুন্ধরা , তটিনী",,,,NO_REDMARK,,,,3.25,rubric,True,False,0.0,,1.0,গগন - সমার্থক শব্দ: 0.0/0.5 No answer provided for this word. | পিক - সমার্থক শব্দ: 0.0/0.5 No answer provided for this word. | গৃহ - সমার্থক শব্দ: 0.0/0.5 No answer provided for this word. | বসুন্ধরা - সমার্থক শব্দ: 0.0/0.5 No answer provided for this word. | তটিনী - সমার্থক শব্দ: 0.0/0.5 No answer provided for this word.,0.0,,1.0,Synonyms for গগন: 0/0.65 No answer provided by the student. | Synonyms for পিক: 0/0.65 No answer provided by the student. | Synonyms for গৃহ: 0/0.65 No answer provided by the student. | Synonyms for বসুন্ধরা: 0/0.65 No answer provided by the student. | Synonyms for তটিনী: 0/0.65 No answer provided by the student.
805511046930,Bangla,,BN_UNICODE,ভাব-সম্প্রসারণ কর: অন্যায় যে করে আর অন্যায় যে সহে তব ঘৃণা ে যন তারে ত…ণ সম দহে।,,,,NO_REDMARK,,,,4.0,rubric,True,False,0.0,,1.0,"অধিকাংশ ক্ষেত্রে অন্যায়ের দণ্ড না দিয়ে , অন্যায়ের সঙ্গে আপস করা হয়; ফলে অন্যায়-প্রবণতা ে বড়ে যায়: 0.0/0.5 No answer provided by the student. | অন্যায়কারী সমাজের অভ্যন্তরে নানা দ ুর্নীতি , উৎপীড়ন এবং অরাজকতা সৃষ্টি করে ে যকোনো ব্যক্তির অধিকার হরণ করে তার নিরাপত্তা বিঘি্নত করে: 0.0/0.5 No answer provided by the student. | ক্ষ মা একটি মহৎগুণ , কিন্ তু নিবি চারে ক্ষ মা করা অপরাধ প্রবণতা আরও বাড়িয়ে দেয়: 0.0/0.5 No answer provided by the student. | অন্যায়ের বিরু দ্ধে শক্ত প্রতিবা দ না করে বরং ভীরু কাপুরুষের মতো মাথা নত করাই ে যন মানুষের স্ব ভাবে পরিণত হয়েছে: 0.0/0.5 No answer provided by the student. | অন্যায়কে ে মনে ে নওয়ার সং স্‹… তি থেকে ে বরিয়ে আসতে হবে । বরং অন্যায়কারী আর অন্যায় প্রশ্রয়দানকারী উভয়ই সমান অপরাধী - এ স্ে ্লাগানে বিশ্ববিবেক জাগাতে হবে: 0.0/0.5 No answer provided by the student. | Overall content, coherence, and remaining marks out of 4.0: 0.0/1.5 No answer provided by the student.",0.0,,1.0,Content/Relevance: 0.0/2.0 The student did not provide any answer to the question. | Elaboration/Depth: 0.0/1.0 The student did not provide any answer to the question. | Language/Grammar/Style: 0.0/1.0 The student did not provide any answer to the question.
278400515278,Bangla,,BN_UNICODE,উপসগ কাকে বলে ? শãগঠনে উপসগর্ের প্রয়োজনীয়তা আলোচনা কর।,,,,NO_REDMARK,,,,8.0,rubric,True,False,0.0,৩।,1.0,উপসর্গ কাকে বলে লেখার জন্য: 0.0/1.0 No definition of উপসর্গ was provided. | উপসর্গের দুটি উদাহরণের জন্য: 0.0/1.0 No examples of উপসর্গ were provided. | শব্দ গঠনে উপসর্গের ১/২ ধরনের পরিবর্তন লেখার জন্য: 0.0/1.0 No types of changes by উপসর্গ in word formation were discussed. | শব্দ গঠনে উপসর্গের ৩/৪ ধরনের পরিবর্তন লেখার জন্য: 0.0/2.0 No types of changes by উপসর্গ in word formation were discussed. | শব্দ গঠনে উপসর্গের ৫ ধরনের পরিবর্তন লেখার জন্য: 0.0/3.0 No types of changes by উপসর্গ in word formation were discussed.,0.0,৩।,1.0,Definition of Upasarga: 0.0/3.0 No answer provided by the student. | Discussion of the necessity of Upasarga in word formation: 0.0/5.0 No answer provided by the student.
919961648827,Bangla,,BN_UNICODE,বাংলা বানানে ই-কার ব্যবহারের প্াচটি নিয়ম উদাহরণসহ লেখ।,2.0,২,,NO_MARKSCOL,2.0,,,5.0,rubric,True,True,0.0,,1.0,Five correct rules for ই-কার usage: 0.0/2.5 No rules were provided by the student. | Examples for five correct rules: 0.0/2.5 No examples were provided by the student.,0.0,The answer sheet is blank. No response was provided by the student.,1.0,Rule 1 with example: 0.0/1.0 No answer provided by the student. | Rule 2 with example: 0.0/1.0 No answer provided by the student. | Rule 3 with example: 0.0/1.0 No answer provided by the student. | Rule 4 with example: 0.0/1.0 No answer provided by the student. | Rule 5 with example: 0.0/1.0 No answer provided by the student.
356193636950,Bangla,,BN_UNICODE,"নিচের উপসগ গুে লা দিয়ে দ ুটি করে শã গঠন কর: অপ, প্রতি , অতি , বে, খাস",,,,NO_REDMARK,,,,3.25,rubric,True,False,0.0,,1.0,Words for 'অপ': 0/0.5 No words provided for the prefix 'অপ'. | Words for 'প্রতি': 0/0.5 No words provided for the prefix 'প্রতি'. | Words for 'অতি': 0/0.5 No words provided for the prefix 'অতি'. | Words for 'বে': 0/0.5 No words provided for the prefix 'বে'. | Words for 'খাস': 0/0.5 No words provided for the prefix 'খাস'.,0.0,,1.0,Words for 'অপ': 0/0.65 No words provided for the prefix 'অপ'. | Words for 'প্রতি': 0/0.65 No words provided for the prefix 'প্রতি'. | Words for 'অতি': 0/0.65 No words provided for the prefix 'অতি'. | Words for 'বে': 0/0.65 No words provided for the prefix 'বে'. | Words for 'খাস': 0/0.65 No words provided for the prefix 'খাস'.
985218338151,Bangla,,BN_UNICODE,"সারাংশ ে লখ : নীরব ভাষায় বৃক্ষ আমা দে র সার্থ কতার গান ে গয়ে ে শানায় । অনুভূতির কান দিয়ে সে গান শুনতে হবে । তাহলে বুঝতে পারা যাবে জীবনের মানে বৃি দ্ধ, ধমর্ের মানেও তাই । প্রক … তির যে ধর্ম মানুষেরও সে ধর্ম। পার্থক ্য কেবল তরুলতা ও জীবজন্তুর উপর তা দে র নিজে দে র ে কান হাত ে নই , মানুষের বৃদ্ধির উপরে তার নিজের হাত রয়েছে । আর এখানেই মানুষের মর্যাদা । মানুষকে আত্মা সৃষ্টি করে নিতে হয়, তা তৈরি পাওয়া যায় না । সুখ -দ ুঃখ -ে বদনা উপলক্ষির ফলে অন্তরের যে পরিপকaতা , তাই ে তা আত্মা ।",,,,NO_REDMARK,,,,4.0,rubric,True,False,0.0,,1.0,"জীবনের বৃদ্ধির দিক থেকে গাছ ও মানুষের মধে ্য মিল থ াকলেও অমিলও রয়েছে ; ঠিকমতো ে বাঝাতে পারলে: 0.0/1.0 No answer provided by the student. | তরুলতা ও জীবজন্তু র বৃি দ্ধতে তা দে র নিজের ে কানো প্রভাব ে নই কিন্ তু মানুষ নিজের সৃজনশীলতা দিয়ে নিজেকে বৃি দ্ধ করতে পারে ; ঠিকমতো ে বাঝাতে পারলে: 0.0/1.0 No answer provided by the student. | মানুষের নিজের ে চষ্টায় আত্মার সৃষ্টি ও বিকাশ সাধিত হয়; ঠিকমতো ে বাঝাতে পারলে: 0.0/0.5 No answer provided by the student. | Overall quality, conciseness, and adherence to summary principles (remaining 1.5 marks out of 4.0): 0.0/1.5 No answer provided by the student.",0.0,,1.0,Content/Accuracy: 0.0/2.0 No answer provided by the student. | Conciseness: 0.0/1.0 No answer provided by the student. | Language/Grammar/Spelling: 0.0/1.0 No answer provided by the student.
572821065268,Bangla,,BN_UNICODE,"নিচের শã গুে লার সঠিক উচ্চারণ ে লখ : ব্যাখ্যা , বিÁান , দ ায়িত a, পদ্য, একাডেমি",,,,NO_REDMARK,,,,2.5,rubric,True,False,0.0,,1.0,ব্যাখ্যা - সঠিক উচ্চারণ: 0.0/0.5 No answer provided by the student. | বিজ্ঞান - সঠিক উচ্চারণ: 0.0/0.5 No answer provided by the student. | দায়িত্ব - সঠিক উচ্চারণ: 0.0/0.5 No answer provided by the student. | পদ্য - সঠিক উচ্চারণ: 0.0/0.5 No answer provided by the student. | একাডেমি - সঠিক উচ্চারণ: 0.0/0.5 No answer provided by the student.,0.0,,1.0,Correct pronunciation of 'ব্যাখ্যা': 0/0.5 No answer provided by the student. | Correct pronunciation of 'বিজ্ঞান': 0/0.5 No answer provided by the student. | Correct pronunciation of 'দায়িত্ব': 0/0.5 No answer provided by the student. | Correct pronunciation of 'পদ্য': 0/0.5 No answer provided by the student. | Correct pronunciation of 'একাডেমি': 0/0.5 No answer provided by the student.
969525641272,Bangla,,BN_UNICODE,"উদাহরণসহ সংÁা দ াও : সন্ধি , অপিনিহিতি , বচন ।",,,,NO_REDMARK,,,,5.5,rubric,True,False,0.0,,1.0,Definition and example for সন্ধি: 0.0/0.83 No answer provided by the student. | Definition and example for অপিনিহিতি: 0.0/0.83 No answer provided by the student. | Definition and example for বচন: 0.0/0.84 No answer provided by the student.,0.0,,1.0,Sandhi definition: 0/1.5 No answer provided. | Sandhi example: 0/0.5 No answer provided. | Aponihiti definition: 0/1.5 No answer provided. | Aponihiti example: 0/0.5 No answer provided. | Bochon definition: 0/1 No answer provided. | Bochon example: 0/0.5 No answer provided.
145366652519,Bangla,,BN_UNICODE,উৎপত্তিগতভাবে বাংলা শã কত প্রকার ও কী কী ? সংÁাসহ উদাহরণ ে লখ ।,,,,NO_REDMARK,,,,6.5,rubric,True,False,0.0,,1.0,Initial statement of 5 types based on origin: 0/0.5 The student did not state the number of types based on origin. | Listing the 5 types (names): 0/1 The student did not list the names of the word types. | Definitions for 5 types: 0/2.5 The student did not provide any definitions for the word types. | Examples for 5 types: 0/2.5 The student did not provide any examples for the word types.,0.0,,1.0,"Number of word types identified: 0/1 The student did not provide any answer. | Correct identification of word types (e.g., Tatsama, Ardha-Tatsama, Tadbhava, Deshi, Bideshi): 0/1.5 The student did not provide any answer. | Correct definitions for each word type: 0/2 The student did not provide any answer. | Appropriate examples for each word type: 0/2 The student did not provide any answer."
442427989966,Bangla,,BN_UNICODE,"নিচের শã গুে লার প্রমিত বানানরূপ ে লখ : ইতিমধে ্য, সম্ম বর্ধনা , ৈ পত্রিক , অপোরাহ্ন , দৈ ন্যতা",2.0,২,,NO_MARKSCOL,2.0,,,2.5,rubric,True,True,0.0,The student has not written any answer for this question. The page is blank.,1.0,Standard spelling of 'ইতিমধে ্য': 0.0/0.5 No answer provided by the student. | Standard spelling of 'সম্ম বর্ধনা': 0.0/0.5 No answer provided by the student. | Standard spelling of 'ৈ পত্রিক': 0.0/0.5 No answer provided by the student. | Standard spelling of 'অপোরাহ্ন': 0.0/0.5 No answer provided by the student. | Standard spelling of 'দৈ ন্যতা': 0.0/0.5 No answer provided by the student.,0.0,,1.0,ইতিমধে ্য: 0/0.5 No answer provided. | সম্ম বর্ধনা: 0/0.5 No answer provided. | ৈ পত্রিক: 0/0.5 No answer provided. | অপোরাহ্ন: 0/0.5 No answer provided. | দৈ ন্যতা: 0/0.5 No answer provided.
491677449164,Bangla,,BN_UNICODE,ভাব-সম্প্রসারণ কর: স্বাধীনতা অর্জনের চেয়ে স্বাধীনতা রক্ষা করা কঠিন।,,,,NO_REDMARK,,,,6.5,rubric,True,False,0.0,,1.0,"স্বাধীনতা একটি জাতির অমূল্য সম্পদ। অনেক সাধনা, ত্যাগ-তিতিক্ষা, এমনকি রক্তের বিনিময়ে স্বাধীনতা অজর্িত হয় - নির্ধারিত অংশে লেখার ভাব ঠিকমতো বোঝাতে পারলে ০১ নম্বর।: 0/1 No content provided by the student. | মানুষমাত্রই স্বাধীনভাবে বে্চে থাকতে চায় - নির্ধারিত অংশে লেখার ভাব ঠিকমতো বোঝাতে পারলে ০.৫ নম্বর।: 0/0.5 No content provided by the student. | কিন্তু স্বাধীনতা অর্জন করা একটি দুঃসাধ্য কাজ। পরাধীনতার শৃ•খল থেকে নিপীড়িত, অত্যাচারিত জাতিকে মুক্তিসংগ্রামের মধ্য দিয়ে স্বাধীনতার সূর্যকে ছিনিয়ে আনতে হয় - নির্ধারিত অংশে লেখার ভাব ঠিকমতো বোঝাতে পারলে ০১ নম্বর।: 0/1 No content provided by the student. | স্বাধীনতা অর্জনকারীদের মাত্রাতিরিক্ত বাড়াবাড়ি জন্ম দেয় এক প্রতিকূল পরিবেশ - নির্ধারিত অংশে লেখার ভাব ঠিকমতো বোঝাতে পারলে ০.৫ নম্বর।: 0/0.5 No content provided by the student. | তাই স্বাধীনতা রক্ষায় প্রয়োজনে সর্বস্তরের জনগণকে ঝ্াপিয়ে পড়তে হবে- মাঠে, ঘাটে, ময়দানে, কল-কারখানাসহ সর্বত্রই - নির্ধারিত অংশে লেখার ভাব ঠিকমতো বোঝাতে পারলে ০১ নম্বর।: 0/1 No content provided by the student. | অনেক কষ্টের বিনিময়ে পাওয়া স্বাধীনতা রক্ষার পবিত্র দায়িতa সকলের। সুতরাং এর মর্যাদা রক্ষার প্রয়োজনে যেকোনো ধরনের ত্যাগ স্বীকার করতে হবে - নির্ধারিত অংশে লেখার ভাব ঠিকমতো বোঝাতে পারলে ০১ নম্বর।: 0/1 No content provided by the student. | Spelling mistakes (deduction: 0.5 for 2 mistakes, 1 for 3+ mistakes): 0/0 No text to evaluate for spelling mistakes.",0.0,,1.0,"Content and Relevance to the topic: 0.0/2.5 The student did not write any content for the answer. | Structure and Organization: 0.0/1.5 The student did not write any content, so there is no structure or organization to evaluate. | Language, Grammar, and Vocabulary: 0.0/1.5 The student did not write any content, so there is no language, grammar, or vocabulary to evaluate. | Overall Presentation: 0.0/1.0 The student did not write any content, so there is no presentation to evaluate."
273595007278,Bangla,,BN_UNICODE,"সারমর্ম লেখ: মরিতে চাহি না আমি সুন্দর ভুবনে, মানবের মাঝে আমি ব্াচিবারে চাই, এই সূর্যকরে এই পু®িপত কাননে জীবন্ত হৃদয়-মাঝে যদি স্থান পাই। ধরায় প্রাণের খেলা চিরতরঙ্গিত, বিরহ মিলন কত হাসি-অশ্রু-ময়, মানবের সুখে দুঃখে গ্াথিয়া সংগীত যদি গো রচিতে পারি অমর-আলয়। তা যদি না পারি তবে ব্াচি যত কাল তোমাদেরি মাঝখানে লভি যেন ঠ্াই, তোমরা তুলিবে বলে সকাল বিকাল নব নব সংগীতের কুসুম ফুটাই। হাসিমুখে নিয়ো ফুল, তার পরে হায়, ফেলে দিয়ো ফুল, যদি সে ফুল শুকায়।",,,,NO_REDMARK,,,,2.5,rubric,True,False,0.0,,1.0,"অপরিসীম সেৌন্দযর্ে ভরপুর এ পৃথিবী ছেড়ে কেউ চলে যেতে চায় না - নির্ধারিত অংশে লেখার ভাব ঠিকমতো বোঝাতে পারলে ০১ নম্বর।: 0/1 No answer provided by the student. | সুখ-দুঃখ, আনন্দ-বেদনা, বিরহ-মিলনের মাঝে মানুষ বে্চে থাকতে চায় - নির্ধারিত অংশে লেখার ভাব ঠিকমতো বোঝাতে পারলে ০১ নম্বর।: 0/1 No answer provided by the student. | কিন্তু মৃতু্যকে উপেক্ষা করার সাধ্য কারো নেই; তাই শুধু কমর্ের মধ্য দিয়েই অমরতa লাভ সম্ভব - নির্ধারিত অংশে লেখার ভাব ঠিকমতো বোঝাতে পারলে ০.৫ নম্বর।: 0/0.5 No answer provided by the student.",0.0,,1.0,"Content and understanding of the poem's essence: 0/1.5 The student did not provide any answer. | Conciseness and appropriate length for a summary: 0/0.5 The student did not provide any answer. | Language, grammar, and spelling: 0/0.5 The student did not provide any answer."
720018300859,Bangla,,BN_UNICODE,"সারমম ে লখ : আসিতেছে শুভদিন - দিনে দিনে বহু বাড়িয়াছে দে না , শুধিতে হইবে ঋণ! হাতুড়ি শাবল গ্াইতি চালায়ে ভাঙিল যারা পাহাড় , পাহাড়-কাটা সে পথে র দ ুপাশে পড়িয়া যাদে র হাড় , ে তামারে ে সবিতে হইল যাহারা মজুর , মুটে ও কুলি , ে তামারে ে সবিতে যারা পবিত্র অঙ্গে লাগাল ধূলি ; তারাই মানুষ , তারাই দে বতা , গাহি তাহা দে রি গান , তা দে রি ব্যথিত বক্ষে পা ে ফলে আসে নব উÌান !",,,,NO_REDMARK,,,,2.5,rubric,True,False,0.0,,1.0,শ্রমজীবী দে র শ্রমে-ঘামে-রক্তে ও জীবনের বিনিময়ে গড়ে উঠেছে স্ব াচ্ছ ন্দ্য ময় পৃথিবী ; ে শাষক ে শ্রণি ে সসব দে বতাতুল ্য মানুষকে ন্যায ্য পাওনা থেকে বআিত করেছে - নির্ধারিত অং শে ে লখার ভাব ঠিকমতো ে বাঝাতে পারলে ১.৫ নম্ব র ।: 0/1.5 No content provided by the student. | আজ পৃথিবী পালটে গেছে। প্রতিশোধ ে নওয়ার সময় এসেছে - নির্ধারিত অং শে ে লখার ভাব ঠিকমতো ে বাঝাতে পারলে ০১ নম্ব র ।: 0/1 No content provided by the student.,0.0,,1.0,Content and understanding of the poem's essence: 0/1.5 No answer provided by the student. | Conciseness and clarity of expression: 0/0.5 No answer provided by the student. | Grammar and spelling: 0/0.5 No answer provided by the student.
884306356965,Bangla,,BN_UNICODE,বাক্য কাকে বলে? গঠন অনুসারে বাক্যের শ্রেণিবিভাগ আলোচনা কর।,,,,NO_REDMARK,,,,10.0,rubric,True,False,0.0,,1.0,বাক্য কাকে বলে লেখার জন্য: 0.0/1.0 No answer provided by the student. | গঠন অনুসারে ১ টি শ্রেণিবিভাগ সংÁা ও উদাহরণসহ লেখার জন্য: 0.0/2.0 No answer provided by the student. | গঠন অনুসারে ২ টি শ্রেণিবিভাগ সংÁা ও উদাহরণসহ লেখার জন্য: 0.0/3.0 No answer provided by the student. | গঠন অনুসারে ৩ টি শ্রেণিবিভাগ সংÁা ও উদাহরণসহ লেখার জন্য: 0.0/4.0 No answer provided by the student.,0.0,,1.0,"Definition of a sentence: 0.0/3.0 The student did not provide any answer. | Classification of sentences by structure (সরল, জটিল, যৌগিক): 0.0/7.0 The student did not provide any answer."
889259644315,Bangla,,BN_UNICODE,"নিচের শãগুলোর বিপরীতার্থক শã লেখ: মূর্ত, প্রাচীন, ক্ষয়িòু, তীব্র, নিগ্রহ",,,,NO_REDMARK,,,,2.5,rubric,True,False,0.0,No answer provided.,1.0,মূর্ত: 0/0.5 No answer provided for 'মূর্ত'. | প্রাচীন: 0/0.5 No answer provided for 'প্রাচীন'. | ক্ষয়িòু: 0/0.5 No answer provided for 'ক্ষয়িòু'. | তীব্র: 0/0.5 No answer provided for 'তীব্র'. | নিগ্রহ: 0/0.5 No answer provided for 'নিগ্রহ'.,0.0,,1.0,মূর্ত: 0/0.5 No answer provided by the student. | প্রাচীন: 0/0.5 No answer provided by the student. | ক্ষয়িòু: 0/0.5 No answer provided by the student. | তীব্র: 0/0.5 No answer provided by the student. | নিগ্রহ: 0/0.5 No answer provided by the student.
843258360632,Bangla,,BN_UNICODE,"ভাব-সম্প্রসারণ কর: পথ পথিকের সৃষ্টি করে না, পথিকই পথের সৃষ্টি করে।",2.0,২,,NO_MARKSCOL,2.0,,,4.0,rubric,True,True,0.0,,1.0,"মানবজীবন চআল, গতিময়। চলমানতা এর বৈশিষ্ট্য - নির্ধারিত অংশে লেখার ভাব ঠিকমতো বোঝাতে পারলে ০.৫ নম্বর।: 0.0/0.5 No answer provided by the student. | জীবনের উদ্দেশ্য সাধনের জন্য গতানুগতিক পথ পরিহার করে নতুন পথ ও পন্থা তার নিজেকেই তৈরি করে নিতে হয় - নির্ধারিত অংশে লেখার ভাব ঠিকমতো বোঝাতে পারলে ০.৫ নম্বর।: 0.0/0.5 No answer provided by the student. | সকল বাধা-বিঘ্ন অতিক্রম করে পথিক তার সৃষ্ট নতুন পথে এগিয়ে যায়। আর এভাবেই এগিয়ে চলার নেশায় অবিরাম চলতে গিয়ে পৃথিবীতে অসংখ্য পথ তৈরি হয়েছে; নিমর্িত হয়েছে মানবসভ্যতা - নির্ধারিত অংশে লেখার ভাব ঠিকমতো বোঝাতে পারলে ০.৫ নম্বর।: 0.0/0.5 No answer provided by the student. | মানুষ তার জীবন রক্ষা ও জীবন বিকাশের জন্য প্রয়োজন মতো পথ ও পন্থা তৈরি করতে বাধ্য হয়েছে - নির্ধারিত অংশে লেখার ভাব ঠিকমতো বোঝাতে পারলে ০.৫ নম্বর।: 0.0/0.5 No answer provided by the student. | যুগে যুগে অসংখ্য উদ্যমী মানুষ অসংখ্য পথ সৃষ্টি করে মানুষের জীবনকে করেছেন সহজতর - নির্ধারিত অংশে লেখার ভাব ঠিকমতো বোঝাতে পারলে ০.৫ নম্বর।: 0.0/0.5 No answer provided by the student. | Overall quality and completeness of the expansion (remaining marks to total 4.0): 0.0/1.5 No answer provided by the student, therefore no overall quality or completeness to evaluate. | Spelling errors deduction (0.5 for 2 errors, 1.0 for 3+ errors): 0.0/0.0 No text to evaluate for spelling errors, so no deduction applied.",0.0,,1.0,"Content and elaboration of the idea: 0.0/2.0 No answer provided by the student. | Language, grammar, and vocabulary: 0.0/1.0 No answer provided by the student. | Structure and coherence: 0.0/1.0 No answer provided by the student."
498071618723,Bangla,,BN_UNICODE,"নিচের শã গুে লার দ ুইটি করে সমা র্থক শã ে লখ : গিরি , সমীর , বিহঙ্গ, নীলিমা , অনল ।",,,,NO_REDMARK,,,,3.25,rubric,True,False,0.0,,1.0,গিরি - 2 correct synonyms: 0/0.5 No answer provided for 'গিরি'. | সমীর - 2 correct synonyms: 0/0.5 No answer provided for 'সমীর'. | বিহঙ্গ - 2 correct synonyms: 0/0.5 No answer provided for 'বিহঙ্গ'. | নীলিমা - 2 correct synonyms: 0/0.5 No answer provided for 'নীলিমা'. | অনল - 2 correct synonyms: 0/0.5 No answer provided for 'অনল'.,0.0,,1.0,Synonym 1 for 'গিরি': 0.0/0.325 No answer provided. | Synonym 2 for 'গিরি': 0.0/0.325 No answer provided. | Synonym 1 for 'সমীর': 0.0/0.325 No answer provided. | Synonym 2 for 'সমীর': 0.0/0.325 No answer provided. | Synonym 1 for 'বিহঙ্গ': 0.0/0.325 No answer provided. | Synonym 2 for 'বিহঙ্গ': 0.0/0.325 No answer provided. | Synonym 1 for 'নীলিমা': 0.0/0.325 No answer provided. | Synonym 2 for 'নীলিমা': 0.0/0.325 No answer provided. | Synonym 1 for 'অনল': 0.0/0.325 No answer provided. | Synonym 2 for 'অনল': 0.0/0.325 No answer provided.
