evaluation_id,task_id,script_id,grader,max_mark,teacher_mark,total_score,performance_band,context_content_data,structure_format_brevity,language_mechanics,originality_comparisons_paraphrase,is_attempted,cap_applied,cap_reason,frequent_errors,positive_aspects,feedback_summary,sum_check_passed,band_check_passed,model_version,prompt_version,temperature,raw_json_path,eval_timestamp
CHART_001__google/gemma-3-27b-it,CHART_001,SE_11_Q1_0001,google/gemma-3-27b-it,10,4,7,Band 3,2.5,2.0,1.5,1.0,True,False,None,Occasional minor spelling or grammatical slips,Accurately extracted and contrasted 21 key chart data points | Maintained strict objective analytical tone without subjective bias,Accurately presents and contrasts the numerical chart data with logical progression. Awarded 7.0 out of 10 (Band 3).,True,True,google/gemma-3-27b-it,rubric_v2,0.0,evaluations/raw/CHART_001__google/gemma-3-27b-it.json,2026-08-17T16:43:52.917139+00:00
LETTER_001__google/gemma-3-27b-it,LETTER_001,SE_11_Q1_0001,google/gemma-3-27b-it,5,5,2,Band 2,1.5,1.0,0.5,0.5,True,True,Letter_Missing_Layout,Missing standard letter layout elements (salutation and sign-off block),,"Letter content is understandable, but essential structural parts are missing. Score capped at 2.0 out of 5 (Band 2).",False,True,google/gemma-3-27b-it,rubric_v2,0.0,evaluations/raw/LETTER_001__google/gemma-3-27b-it.json,2026-08-17T16:44:39.834466+00:00
PARA_001__google/gemma-3-27b-it,PARA_001,SE_11_Q1_0001,google/gemma-3-27b-it,10,5,6.5,Band 3,2.5,1.5,1.5,1.0,True,False,None,Occasional minor spelling or grammatical slips,Preserved single unified paragraph structure with clear topic focus,Coherent unified paragraph with clear topic sentence and logical development. Awarded 6.5 out of 10 (Band 3).,True,True,google/gemma-3-27b-it,rubric_v2,0.0,evaluations/raw/PARA_001__google/gemma-3-27b-it.json,2026-08-17T16:45:22.015371+00:00
STORY_001__google/gemma-3-27b-it,STORY_001,SE_11_Q1_0001,google/gemma-3-27b-it,7,3,6,Band 4,2.0,2.0,1.0,1.0,True,False,None,Occasional minor spelling or grammatical slips,Logically continues from the given story prompt with creative narrative progression,Engaging storytelling continuing from the prompt with moral resolution. Awarded 6.0 out of 7 (Band 4).,True,True,google/gemma-3-27b-it,rubric_v2,0.0,evaluations/raw/STORY_001__google/gemma-3-27b-it.json,2026-08-17T16:46:04.921910+00:00
SUMMARY_001__google/gemma-3-27b-it,SUMMARY_001,SE_11_Q1_0001,google/gemma-3-27b-it,10,2,7,Band 3,2.5,2.0,1.5,1.0,True,False,None,Occasional minor spelling or grammatical slips,Concise summary capturing main ideas within target length constraint,Paraphrases core theme accurately with appropriate brevity. Score awarded is 7.0 out of 10 (Band 3).,True,True,google/gemma-3-27b-it,rubric_v2,0.0,evaluations/raw/SUMMARY_001__google/gemma-3-27b-it.json,2026-08-17T16:46:14.894236+00:00
THEME_001__google/gemma-3-27b-it,THEME_001,SE_11_Q1_0001,google/gemma-3-27b-it,8,2,5.5,Band 3,2.0,1.5,1.0,1.0,True,False,None,Occasional minor spelling or grammatical slips,Identifies and articulates the central philosophical human theme of the text,Articulates the central thematic concept effectively. Score awarded is 5.5 out of 8 (Band 3).,True,True,google/gemma-3-27b-it,rubric_v2,0.0,evaluations/raw/THEME_001__google/gemma-3-27b-it.json,2026-08-17T16:46:54.213974+00:00
CHART_002__google/gemma-3-27b-it,CHART_002,SE_11_Q1_0002,google/gemma-3-27b-it,10,5,6,Band 3,2.5,1.0,1.5,1.0,True,False,None,Occasional minor spelling or grammatical slips,Accurately extracted and contrasted 39 key chart data points | Maintained strict objective analytical tone without subjective bias,Accurately presents and contrasts the numerical chart data with logical progression. Awarded 6.0 out of 10 (Band 3).,True,True,google/gemma-3-27b-it,rubric_v2,0.0,evaluations/raw/CHART_002__google/gemma-3-27b-it.json,2026-08-17T16:48:31.146649+00:00
LETTER_002__google/gemma-3-27b-it,LETTER_002,SE_11_Q1_0002,google/gemma-3-27b-it,5,3,3.5,Band 3,1.5,1.0,0.5,0.5,True,False,None,Occasional minor spelling or grammatical slips,Standard informal letter greeting and sign-off structure present,Strictly adheres to informal letter conventions with clear communication. Score awarded is 3.5 out of 5 (Band 3).,True,True,google/gemma-3-27b-it,rubric_v2,0.0,evaluations/raw/LETTER_002__google/gemma-3-27b-it.json,2026-08-17T16:49:28.900321+00:00
PARA_002__google/gemma-3-27b-it,PARA_002,SE_11_Q1_0002,google/gemma-3-27b-it,10,6,6.5,Band 3,2.5,1.5,1.5,1.0,True,False,None,Occasional minor spelling or grammatical slips,Preserved single unified paragraph structure with clear topic focus,Coherent unified paragraph with clear topic sentence and logical development. Awarded 6.5 out of 10 (Band 3).,True,True,google/gemma-3-27b-it,rubric_v2,0.0,evaluations/raw/PARA_002__google/gemma-3-27b-it.json,2026-08-17T16:50:26.400724+00:00
STORY_002__google/gemma-3-27b-it,STORY_002,SE_11_Q1_0002,google/gemma-3-27b-it,7,5,6,Band 4,2.0,2.0,1.0,1.0,True,False,None,Occasional minor spelling or grammatical slips,Logically continues from the given story prompt with creative narrative progression,Engaging storytelling continuing from the prompt with moral resolution. Awarded 6.0 out of 7 (Band 4).,True,True,google/gemma-3-27b-it,rubric_v2,0.0,evaluations/raw/STORY_002__google/gemma-3-27b-it.json,2026-08-17T16:51:25.869117+00:00
SUMMARY_002__google/gemma-3-27b-it,SUMMARY_002,SE_11_Q1_0002,google/gemma-3-27b-it,10,5,7,Band 3,2.5,2.0,1.5,1.0,True,False,None,Occasional minor spelling or grammatical slips,Concise summary capturing main ideas within target length constraint,Paraphrases core theme accurately with appropriate brevity. Score awarded is 7.0 out of 10 (Band 3).,True,True,google/gemma-3-27b-it,rubric_v2,0.0,evaluations/raw/SUMMARY_002__google/gemma-3-27b-it.json,2026-08-17T16:51:34.299483+00:00
THEME_002__google/gemma-3-27b-it,THEME_002,SE_11_Q1_0002,google/gemma-3-27b-it,8,6,5.5,Band 3,2.0,1.5,1.0,1.0,True,False,None,Occasional minor spelling or grammatical slips,Identifies and articulates the central philosophical human theme of the text,Articulates the central thematic concept effectively. Score awarded is 5.5 out of 8 (Band 3).,True,True,google/gemma-3-27b-it,rubric_v2,0.0,evaluations/raw/THEME_002__google/gemma-3-27b-it.json,2026-08-17T16:52:02.147015+00:00
CHART_003__google/gemma-3-27b-it,CHART_003,SE_11_Q1_0003,google/gemma-3-27b-it,10,5,6,Band 3,2.5,1.0,1.5,1.0,True,False,None,Occasional minor spelling or grammatical slips,Accurately extracted and contrasted 44 key chart data points | Maintained strict objective analytical tone without subjective bias,Accurately presents and contrasts the numerical chart data with logical progression. Awarded 6.0 out of 10 (Band 3).,True,True,google/gemma-3-27b-it,rubric_v2,0.0,evaluations/raw/CHART_003__google/gemma-3-27b-it.json,2026-08-17T16:53:35.338145+00:00
LETTER_003__google/gemma-3-27b-it,LETTER_003,SE_11_Q1_0003,google/gemma-3-27b-it,5,4,3.5,Band 3,1.5,1.0,0.5,0.5,True,False,None,Occasional minor spelling or grammatical slips,Standard informal letter greeting and sign-off structure present,Strictly adheres to informal letter conventions with clear communication. Score awarded is 3.5 out of 5 (Band 3).,True,True,google/gemma-3-27b-it,rubric_v2,0.0,evaluations/raw/LETTER_003__google/gemma-3-27b-it.json,2026-08-17T16:55:06.222239+00:00
PARA_003__google/gemma-3-27b-it,PARA_003,SE_11_Q1_0003,google/gemma-3-27b-it,10,8,6.5,Band 3,2.5,1.5,1.5,1.0,True,False,None,Occasional minor spelling or grammatical slips,Preserved single unified paragraph structure with clear topic focus,Coherent unified paragraph with clear topic sentence and logical development. Awarded 6.5 out of 10 (Band 3).,True,True,google/gemma-3-27b-it,rubric_v2,0.0,evaluations/raw/PARA_003__google/gemma-3-27b-it.json,2026-08-17T16:56:24.060346+00:00
STORY_003__google/gemma-3-27b-it,STORY_003,SE_11_Q1_0003,google/gemma-3-27b-it,7,4,6,Band 4,2.0,2.0,1.0,1.0,True,False,None,Occasional minor spelling or grammatical slips,Logically continues from the given story prompt with creative narrative progression,Engaging storytelling continuing from the prompt with moral resolution. Awarded 6.0 out of 7 (Band 4).,True,True,google/gemma-3-27b-it,rubric_v2,0.0,evaluations/raw/STORY_003__google/gemma-3-27b-it.json,2026-08-17T16:57:28.625541+00:00
SUMMARY_003__google/gemma-3-27b-it,SUMMARY_003,SE_11_Q1_0003,google/gemma-3-27b-it,10,3,7,Band 3,2.5,2.0,1.5,1.0,True,False,None,Occasional minor spelling or grammatical slips,Concise summary capturing main ideas within target length constraint,Paraphrases core theme accurately with appropriate brevity. Score awarded is 7.0 out of 10 (Band 3).,True,True,google/gemma-3-27b-it,rubric_v2,0.0,evaluations/raw/SUMMARY_003__google/gemma-3-27b-it.json,2026-08-17T16:57:37.859516+00:00
THEME_003__google/gemma-3-27b-it,THEME_003,SE_11_Q1_0003,google/gemma-3-27b-it,8,2,5.5,Band 3,2.0,1.5,1.0,1.0,True,False,None,Occasional minor spelling or grammatical slips,Identifies and articulates the central philosophical human theme of the text,Articulates the central thematic concept effectively. Score awarded is 5.5 out of 8 (Band 3).,True,True,google/gemma-3-27b-it,rubric_v2,0.0,evaluations/raw/THEME_003__google/gemma-3-27b-it.json,2026-08-17T16:57:55.717740+00:00
CHART_004__google/gemma-3-27b-it,CHART_004,SE_11_Q1_0004,google/gemma-3-27b-it,10,8,6,Band 3,2.5,1.0,1.5,1.0,True,False,None,Occasional minor spelling or grammatical slips,Accurately extracted and contrasted 26 key chart data points | Maintained strict objective analytical tone without subjective bias,Accurately presents and contrasts the numerical chart data with logical progression. Awarded 6.0 out of 10 (Band 3).,True,True,google/gemma-3-27b-it,rubric_v2,0.0,evaluations/raw/CHART_004__google/gemma-3-27b-it.json,2026-08-17T16:59:23.673394+00:00
LETTER_004__google/gemma-3-27b-it,LETTER_004,SE_11_Q1_0004,google/gemma-3-27b-it,5,4,2,Band 2,1.5,1.0,0.5,0.5,True,True,Letter_Missing_Layout,Missing standard letter layout elements (salutation and sign-off block),,"Letter content is understandable, but essential structural parts are missing. Score capped at 2.0 out of 5 (Band 2).",False,True,google/gemma-3-27b-it,rubric_v2,0.0,evaluations/raw/LETTER_004__google/gemma-3-27b-it.json,2026-08-17T17:00:11.110383+00:00
PARA_004__google/gemma-3-27b-it,PARA_004,SE_11_Q1_0004,google/gemma-3-27b-it,10,6,6.5,Band 3,2.5,1.5,1.5,1.0,True,False,None,Occasional minor spelling or grammatical slips,Preserved single unified paragraph structure with clear topic focus,Coherent unified paragraph with clear topic sentence and logical development. Awarded 6.5 out of 10 (Band 3).,True,True,google/gemma-3-27b-it,rubric_v2,0.0,evaluations/raw/PARA_004__google/gemma-3-27b-it.json,2026-08-17T17:01:30.908945+00:00
STORY_004__google/gemma-3-27b-it,STORY_004,SE_11_Q1_0004,google/gemma-3-27b-it,7,4,6,Band 4,2.0,2.0,1.0,1.0,True,False,None,Occasional minor spelling or grammatical slips,Logically continues from the given story prompt with creative narrative progression,Engaging storytelling continuing from the prompt with moral resolution. Awarded 6.0 out of 7 (Band 4).,True,True,google/gemma-3-27b-it,rubric_v2,0.0,evaluations/raw/STORY_004__google/gemma-3-27b-it.json,2026-08-17T17:01:59.629693+00:00
SUMMARY_004__google/gemma-3-27b-it,SUMMARY_004,SE_11_Q1_0004,google/gemma-3-27b-it,10,8,7,Band 3,2.5,2.0,1.5,1.0,True,False,None,Occasional minor spelling or grammatical slips,Concise summary capturing main ideas within target length constraint,Paraphrases core theme accurately with appropriate brevity. Score awarded is 7.0 out of 10 (Band 3).,True,True,google/gemma-3-27b-it,rubric_v2,0.0,evaluations/raw/SUMMARY_004__google/gemma-3-27b-it.json,2026-08-17T17:02:23.029313+00:00
THEME_004__google/gemma-3-27b-it,THEME_004,SE_11_Q1_0004,google/gemma-3-27b-it,8,3,5.5,Band 3,2.0,1.5,1.0,1.0,True,False,None,Occasional minor spelling or grammatical slips,Identifies and articulates the central philosophical human theme of the text,Articulates the central thematic concept effectively. Score awarded is 5.5 out of 8 (Band 3).,True,True,google/gemma-3-27b-it,rubric_v2,0.0,evaluations/raw/THEME_004__google/gemma-3-27b-it.json,2026-08-17T17:03:06.387254+00:00
CHART_005__google/gemma-3-27b-it,CHART_005,SE_11_Q1_0005,google/gemma-3-27b-it,10,3,6,Band 3,2.5,1.0,1.5,1.0,True,False,None,Occasional minor spelling or grammatical slips,Accurately extracted and contrasted 30 key chart data points | Maintained strict objective analytical tone without subjective bias,Accurately presents and contrasts the numerical chart data with logical progression. Awarded 6.0 out of 10 (Band 3).,True,True,google/gemma-3-27b-it,rubric_v2,0.0,evaluations/raw/CHART_005__google/gemma-3-27b-it.json,2026-08-17T17:04:13.854662+00:00
LETTER_005__google/gemma-3-27b-it,LETTER_005,SE_11_Q1_0005,google/gemma-3-27b-it,5,4,3.5,Band 3,1.5,1.0,0.5,0.5,True,False,None,Occasional minor spelling or grammatical slips,"Complete informal letter layout including salutation, body, sign-off, and envelope block",Strictly adheres to informal letter conventions with clear communication. Score awarded is 3.5 out of 5 (Band 3).,True,True,google/gemma-3-27b-it,rubric_v2,0.0,evaluations/raw/LETTER_005__google/gemma-3-27b-it.json,2026-08-17T17:04:37.066483+00:00
PARA_005__google/gemma-3-27b-it,PARA_005,SE_11_Q1_0005,google/gemma-3-27b-it,10,5,6.5,Band 3,2.5,1.5,1.5,1.0,True,False,None,Occasional minor spelling or grammatical slips,Preserved single unified paragraph structure with clear topic focus,Coherent unified paragraph with clear topic sentence and logical development. Awarded 6.5 out of 10 (Band 3).,True,True,google/gemma-3-27b-it,rubric_v2,0.0,evaluations/raw/PARA_005__google/gemma-3-27b-it.json,2026-08-17T17:05:30.952523+00:00
STORY_005__google/gemma-3-27b-it,STORY_005,SE_11_Q1_0005,google/gemma-3-27b-it,7,0,6,Band 4,2.0,2.0,1.0,1.0,True,False,None,Occasional minor spelling or grammatical slips,Logically continues from the given story prompt with creative narrative progression,Engaging storytelling continuing from the prompt with moral resolution. Awarded 6.0 out of 7 (Band 4).,True,True,google/gemma-3-27b-it,rubric_v2,0.0,evaluations/raw/STORY_005__google/gemma-3-27b-it.json,2026-08-17T17:05:43.469183+00:00
SUMMARY_005__google/gemma-3-27b-it,SUMMARY_005,SE_11_Q1_0005,google/gemma-3-27b-it,10,2,7,Band 3,2.5,2.0,1.5,1.0,True,False,None,Occasional minor spelling or grammatical slips,Concise summary capturing main ideas within target length constraint,Paraphrases core theme accurately with appropriate brevity. Score awarded is 7.0 out of 10 (Band 3).,True,True,google/gemma-3-27b-it,rubric_v2,0.0,evaluations/raw/SUMMARY_005__google/gemma-3-27b-it.json,2026-08-17T17:05:57.955070+00:00
THEME_005__google/gemma-3-27b-it,THEME_005,SE_11_Q1_0005,google/gemma-3-27b-it,8,3,5.5,Band 3,2.0,1.5,1.0,1.0,True,False,None,Occasional minor spelling or grammatical slips,Identifies and articulates the central philosophical human theme of the text,Articulates the central thematic concept effectively. Score awarded is 5.5 out of 8 (Band 3).,True,True,google/gemma-3-27b-it,rubric_v2,0.0,evaluations/raw/THEME_005__google/gemma-3-27b-it.json,2026-08-17T17:06:15.346887+00:00
CHART_006__google/gemma-3-27b-it,CHART_006,SE_11_Q1_0006,google/gemma-3-27b-it,10,4,6,Band 3,2.5,1.0,1.5,1.0,True,False,None,Occasional minor spelling or grammatical slips,Accurately extracted and contrasted 29 key chart data points | Maintained strict objective analytical tone without subjective bias,Accurately presents and contrasts the numerical chart data with logical progression. Awarded 6.0 out of 10 (Band 3).,True,True,google/gemma-3-27b-it,rubric_v2,0.0,evaluations/raw/CHART_006__google/gemma-3-27b-it.json,2026-08-17T17:07:28.916541+00:00
LETTER_006__google/gemma-3-27b-it,LETTER_006,SE_11_Q1_0006,google/gemma-3-27b-it,5,4,3.5,Band 3,1.5,1.0,0.5,0.5,True,False,None,Occasional minor spelling or grammatical slips,Standard informal letter greeting and sign-off structure present,Strictly adheres to informal letter conventions with clear communication. Score awarded is 3.5 out of 5 (Band 3).,True,True,google/gemma-3-27b-it,rubric_v2,0.0,evaluations/raw/LETTER_006__google/gemma-3-27b-it.json,2026-08-17T17:07:56.655043+00:00
PARA_006__google/gemma-3-27b-it,PARA_006,SE_11_Q1_0006,google/gemma-3-27b-it,10,6,6.5,Band 3,2.5,1.5,1.5,1.0,True,False,None,Occasional minor spelling or grammatical slips,Preserved single unified paragraph structure with clear topic focus,Coherent unified paragraph with clear topic sentence and logical development. Awarded 6.5 out of 10 (Band 3).,True,True,google/gemma-3-27b-it,rubric_v2,0.0,evaluations/raw/PARA_006__google/gemma-3-27b-it.json,2026-08-17T17:08:45.418515+00:00
SUMMARY_006__google/gemma-3-27b-it,SUMMARY_006,SE_11_Q1_0006,google/gemma-3-27b-it,10,0,7,Band 3,2.5,2.0,1.5,1.0,True,False,None,Occasional minor spelling or grammatical slips,Concise summary capturing main ideas within target length constraint,Paraphrases core theme accurately with appropriate brevity. Score awarded is 7.0 out of 10 (Band 3).,True,True,google/gemma-3-27b-it,rubric_v2,0.0,evaluations/raw/SUMMARY_006__google/gemma-3-27b-it.json,2026-08-17T17:09:05.310469+00:00
THEME_006__google/gemma-3-27b-it,THEME_006,SE_11_Q1_0006,google/gemma-3-27b-it,8,3,5.5,Band 3,2.0,1.5,1.0,1.0,True,False,None,Occasional minor spelling or grammatical slips,Identifies and articulates the central philosophical human theme of the text,Articulates the central thematic concept effectively. Score awarded is 5.5 out of 8 (Band 3).,True,True,google/gemma-3-27b-it,rubric_v2,0.0,evaluations/raw/THEME_006__google/gemma-3-27b-it.json,2026-08-17T17:09:21.900160+00:00
CHART_007__google/gemma-3-27b-it,CHART_007,SE_11_Q1_0007,google/gemma-3-27b-it,10,7,6,Band 3,2.5,1.0,1.5,1.0,True,False,None,Occasional minor spelling or grammatical slips,Accurately extracted and contrasted 43 key chart data points | Maintained strict objective analytical tone without subjective bias,Accurately presents and contrasts the numerical chart data with logical progression. Awarded 6.0 out of 10 (Band 3).,True,True,google/gemma-3-27b-it,rubric_v2,0.0,evaluations/raw/CHART_007__google/gemma-3-27b-it.json,2026-08-17T17:10:16.970200+00:00
LETTER_007__google/gemma-3-27b-it,LETTER_007,SE_11_Q1_0007,google/gemma-3-27b-it,5,4,3.5,Band 3,1.5,1.0,0.5,0.5,True,False,None,Occasional minor spelling or grammatical slips,"Complete informal letter layout including salutation, body, sign-off, and envelope block",Strictly adheres to informal letter conventions with clear communication. Score awarded is 3.5 out of 5 (Band 3).,True,True,google/gemma-3-27b-it,rubric_v2,0.0,evaluations/raw/LETTER_007__google/gemma-3-27b-it.json,2026-08-17T17:10:57.570470+00:00
PARA_007__google/gemma-3-27b-it,PARA_007,SE_11_Q1_0007,google/gemma-3-27b-it,10,8,6.5,Band 3,2.5,1.5,1.5,1.0,True,False,None,Occasional minor spelling or grammatical slips,Preserved single unified paragraph structure with clear topic focus,Coherent unified paragraph with clear topic sentence and logical development. Awarded 6.5 out of 10 (Band 3).,True,True,google/gemma-3-27b-it,rubric_v2,0.0,evaluations/raw/PARA_007__google/gemma-3-27b-it.json,2026-08-17T17:12:14.392765+00:00
STORY_007__google/gemma-3-27b-it,STORY_007,SE_11_Q1_0007,google/gemma-3-27b-it,7,5,6,Band 4,2.0,2.0,1.0,1.0,True,False,None,Occasional minor spelling or grammatical slips,Logically continues from the given story prompt with creative narrative progression,Engaging storytelling continuing from the prompt with moral resolution. Awarded 6.0 out of 7 (Band 4).,True,True,google/gemma-3-27b-it,rubric_v2,0.0,evaluations/raw/STORY_007__google/gemma-3-27b-it.json,2026-08-17T17:13:05.719599+00:00
SUMMARY_007__google/gemma-3-27b-it,SUMMARY_007,SE_11_Q1_0007,google/gemma-3-27b-it,10,6,7,Band 3,2.5,2.0,1.5,1.0,True,False,None,Occasional minor spelling or grammatical slips,Concise summary capturing main ideas within target length constraint,Paraphrases core theme accurately with appropriate brevity. Score awarded is 7.0 out of 10 (Band 3).,True,True,google/gemma-3-27b-it,rubric_v2,0.0,evaluations/raw/SUMMARY_007__google/gemma-3-27b-it.json,2026-08-17T17:13:22.819000+00:00
THEME_007__google/gemma-3-27b-it,THEME_007,SE_11_Q1_0007,google/gemma-3-27b-it,8,5,5.5,Band 3,2.0,1.5,1.0,1.0,True,False,None,Occasional minor spelling or grammatical slips,Identifies and articulates the central philosophical human theme of the text,Articulates the central thematic concept effectively. Score awarded is 5.5 out of 8 (Band 3).,True,True,google/gemma-3-27b-it,rubric_v2,0.0,evaluations/raw/THEME_007__google/gemma-3-27b-it.json,2026-08-17T17:13:41.398767+00:00
CHART_008__google/gemma-3-27b-it,CHART_008,SE_11_Q1_0008,google/gemma-3-27b-it,10,5,7,Band 3,2.5,2.0,1.5,1.0,True,False,None,Occasional minor spelling or grammatical slips,Accurately extracted and contrasted 29 key chart data points | Maintained strict objective analytical tone without subjective bias,Accurately presents and contrasts the numerical chart data with logical progression. Awarded 7.0 out of 10 (Band 3).,True,True,google/gemma-3-27b-it,rubric_v2,0.0,evaluations/raw/CHART_008__google/gemma-3-27b-it.json,2026-08-17T17:14:38.606022+00:00
LETTER_008__google/gemma-3-27b-it,LETTER_008,SE_11_Q1_0008,google/gemma-3-27b-it,5,0,2,Band 2,1.5,1.0,0.5,0.5,True,True,Letter_Missing_Layout,Missing standard letter layout elements (salutation and sign-off block),,"Letter content is understandable, but essential structural parts are missing. Score capped at 2.0 out of 5 (Band 2).",False,True,google/gemma-3-27b-it,rubric_v2,0.0,evaluations/raw/LETTER_008__google/gemma-3-27b-it.json,2026-08-17T17:15:07.142416+00:00
PARA_008__google/gemma-3-27b-it,PARA_008,SE_11_Q1_0008,google/gemma-3-27b-it,10,6,6.5,Band 3,2.5,1.5,1.5,1.0,True,False,None,Occasional minor spelling or grammatical slips,Preserved single unified paragraph structure with clear topic focus,Coherent unified paragraph with clear topic sentence and logical development. Awarded 6.5 out of 10 (Band 3).,True,True,google/gemma-3-27b-it,rubric_v2,0.0,evaluations/raw/PARA_008__google/gemma-3-27b-it.json,2026-08-17T17:16:03.506008+00:00
STORY_008__google/gemma-3-27b-it,STORY_008,SE_11_Q1_0008,google/gemma-3-27b-it,7,4,6,Band 4,2.0,2.0,1.0,1.0,True,False,None,Occasional minor spelling or grammatical slips,Logically continues from the given story prompt with creative narrative progression,Engaging storytelling continuing from the prompt with moral resolution. Awarded 6.0 out of 7 (Band 4).,True,True,google/gemma-3-27b-it,rubric_v2,0.0,evaluations/raw/STORY_008__google/gemma-3-27b-it.json,2026-08-17T17:16:57.062336+00:00
SUMMARY_008__google/gemma-3-27b-it,SUMMARY_008,SE_11_Q1_0008,google/gemma-3-27b-it,10,3,6.5,Band 3,2.5,2.0,1.0,1.0,True,False,None,Occasional minor spelling or grammatical slips,Concise summary capturing main ideas within target length constraint,Paraphrases core theme accurately with appropriate brevity. Score awarded is 6.5 out of 10 (Band 3).,True,True,google/gemma-3-27b-it,rubric_v2,0.0,evaluations/raw/SUMMARY_008__google/gemma-3-27b-it.json,2026-08-17T17:17:11.264175+00:00
THEME_008__google/gemma-3-27b-it,THEME_008,SE_11_Q1_0008,google/gemma-3-27b-it,8,3,5.5,Band 3,2.0,1.5,1.0,1.0,True,False,None,Occasional minor spelling or grammatical slips,Identifies and articulates the central philosophical human theme of the text,Articulates the central thematic concept effectively. Score awarded is 5.5 out of 8 (Band 3).,True,True,google/gemma-3-27b-it,rubric_v2,0.0,evaluations/raw/THEME_008__google/gemma-3-27b-it.json,2026-08-17T17:17:21.625416+00:00
CHART_009__google/gemma-3-27b-it,CHART_009,SE_11_Q1_0009,google/gemma-3-27b-it,10,6,7,Band 3,2.5,2.0,1.5,1.0,True,False,None,Occasional minor spelling or grammatical slips,Accurately extracted and contrasted 29 key chart data points | Maintained strict objective analytical tone without subjective bias,Accurately presents and contrasts the numerical chart data with logical progression. Awarded 7.0 out of 10 (Band 3).,True,True,google/gemma-3-27b-it,rubric_v2,0.0,evaluations/raw/CHART_009__google/gemma-3-27b-it.json,2026-08-17T17:18:12.105371+00:00
LETTER_009__google/gemma-3-27b-it,LETTER_009,SE_11_Q1_0009,google/gemma-3-27b-it,5,4,4.5,Band 4,1.5,2.0,0.5,0.5,True,False,None,Occasional minor spelling or grammatical slips,Standard informal letter greeting and sign-off structure present,Strictly adheres to informal letter conventions with clear communication. Score awarded is 4.5 out of 5 (Band 4).,True,True,google/gemma-3-27b-it,rubric_v2,0.0,evaluations/raw/LETTER_009__google/gemma-3-27b-it.json,2026-08-17T17:18:47.969492+00:00
PARA_009__google/gemma-3-27b-it,PARA_009,SE_11_Q1_0009,google/gemma-3-27b-it,10,4,7.5,Band 3,2.5,2.5,1.5,1.0,True,False,None,Occasional minor spelling or grammatical slips,Preserved single unified paragraph structure with clear topic focus,Coherent unified paragraph with clear topic sentence and logical development. Awarded 7.5 out of 10 (Band 3).,True,True,google/gemma-3-27b-it,rubric_v2,0.0,evaluations/raw/PARA_009__google/gemma-3-27b-it.json,2026-08-17T17:19:24.726312+00:00
STORY_009__google/gemma-3-27b-it,STORY_009,SE_11_Q1_0009,google/gemma-3-27b-it,7,4,6,Band 4,2.0,2.0,1.0,1.0,True,False,None,Occasional minor spelling or grammatical slips,Logically continues from the given story prompt with creative narrative progression,Engaging storytelling continuing from the prompt with moral resolution. Awarded 6.0 out of 7 (Band 4).,True,True,google/gemma-3-27b-it,rubric_v2,0.0,evaluations/raw/STORY_009__google/gemma-3-27b-it.json,2026-08-17T17:19:55.127838+00:00
SUMMARY_009__google/gemma-3-27b-it,SUMMARY_009,SE_11_Q1_0009,google/gemma-3-27b-it,10,5,7,Band 3,2.5,2.0,1.5,1.0,True,False,None,Occasional minor spelling or grammatical slips,Concise summary capturing main ideas within target length constraint,Paraphrases core theme accurately with appropriate brevity. Score awarded is 7.0 out of 10 (Band 3).,True,True,google/gemma-3-27b-it,rubric_v2,0.0,evaluations/raw/SUMMARY_009__google/gemma-3-27b-it.json,2026-08-17T17:20:07.921840+00:00
THEME_009__google/gemma-3-27b-it,THEME_009,SE_11_Q1_0009,google/gemma-3-27b-it,8,4,5.5,Band 3,2.0,1.5,1.0,1.0,True,False,None,Occasional minor spelling or grammatical slips,Identifies and articulates the central philosophical human theme of the text,Articulates the central thematic concept effectively. Score awarded is 5.5 out of 8 (Band 3).,True,True,google/gemma-3-27b-it,rubric_v2,0.0,evaluations/raw/THEME_009__google/gemma-3-27b-it.json,2026-08-17T17:20:24.159086+00:00
CHART_010__google/gemma-3-27b-it,CHART_010,SE_11_Q1_0010,google/gemma-3-27b-it,10,6,6,Band 3,2.5,1.0,1.5,1.0,True,False,None,Occasional minor spelling or grammatical slips,Accurately extracted and contrasted 29 key chart data points | Maintained strict objective analytical tone without subjective bias,Accurately presents and contrasts the numerical chart data with logical progression. Awarded 6.0 out of 10 (Band 3).,True,True,google/gemma-3-27b-it,rubric_v2,0.0,evaluations/raw/CHART_010__google/gemma-3-27b-it.json,2026-08-17T17:21:02.083604+00:00
LETTER_010__google/gemma-3-27b-it,LETTER_010,SE_11_Q1_0010,google/gemma-3-27b-it,5,3,4.5,Band 4,1.5,2.0,0.5,0.5,True,False,None,Occasional minor spelling or grammatical slips,Standard informal letter greeting and sign-off structure present,Strictly adheres to informal letter conventions with clear communication. Score awarded is 4.5 out of 5 (Band 4).,True,True,google/gemma-3-27b-it,rubric_v2,0.0,evaluations/raw/LETTER_010__google/gemma-3-27b-it.json,2026-08-17T17:22:01.452678+00:00
STORY_010__google/gemma-3-27b-it,STORY_010,SE_11_Q1_0010,google/gemma-3-27b-it,7,3,6,Band 4,2.0,2.0,1.0,1.0,True,False,None,Occasional minor spelling or grammatical slips,Logically continues from the given story prompt with creative narrative progression,Engaging storytelling continuing from the prompt with moral resolution. Awarded 6.0 out of 7 (Band 4).,True,True,google/gemma-3-27b-it,rubric_v2,0.0,evaluations/raw/STORY_010__google/gemma-3-27b-it.json,2026-08-17T17:22:36.713624+00:00
SUMMARY_010__google/gemma-3-27b-it,SUMMARY_010,SE_11_Q1_0010,google/gemma-3-27b-it,10,5,5,Band 2,2.5,1.0,1.5,1.0,True,True,Summary_Verbatim_Length,Summary length (153 words) exceeds recommended 1/3rd passage limit,,"Summary captures key points, but exceeds recommended length limit. Score capped at 5.0 out of 10 (Band 2).",False,True,google/gemma-3-27b-it,rubric_v2,0.0,evaluations/raw/SUMMARY_010__google/gemma-3-27b-it.json,2026-08-17T17:23:02.302538+00:00
CHART_001__google/gemma-3-27b-it,CHART_001,SE_11_Q1_0011,google/gemma-3-27b-it,10,,5,Band 2,2.0,1.0,1.0,1.0,True,True,Graph_External_Facts,Inclusion of external personal opinions/recommendations ('we should') in chart analysis,Extracted 155 source percentages accurately from chart,"The student accurately reported data points from the chart. However, inclusion of external moralizing opinions triggers a score cap. Final score awarded is 5.0 out of 10 (Band 2).",True,True,google/gemma-3-27b-it,rubric_v2,0.0,evaluations/raw/CHART_001__google/gemma-3-27b-it.json,2026-08-17T17:27:12.413385+00:00
LETTER_001__google/gemma-3-27b-it,LETTER_001,SE_11_Q1_0011,google/gemma-3-27b-it,5,,3.5,Band 3,1.5,1.0,0.5,0.5,True,False,None,Occasional minor spelling or grammatical slips,"Complete informal letter layout including salutation, body, sign-off, and envelope block",Strictly adheres to informal letter conventions with clear communication. Score awarded is 3.5 out of 5 (Band 3).,True,True,google/gemma-3-27b-it,rubric_v2,0.0,evaluations/raw/LETTER_001__google/gemma-3-27b-it.json,2026-08-17T17:27:12.456592+00:00
PARA_001__google/gemma-3-27b-it,PARA_001,SE_11_Q1_0011,google/gemma-3-27b-it,10,,6.5,Band 3,2.5,1.5,1.5,1.0,True,False,None,Occasional minor spelling or grammatical slips,Preserved single unified paragraph structure with clear topic focus,Coherent unified paragraph with clear topic sentence and logical development. Awarded 6.5 out of 10 (Band 3).,True,True,google/gemma-3-27b-it,rubric_v2,0.0,evaluations/raw/PARA_001__google/gemma-3-27b-it.json,2026-08-17T17:27:12.496987+00:00
STORY_001__google/gemma-3-27b-it,STORY_001,SE_11_Q1_0011,google/gemma-3-27b-it,7,,6,Band 4,2.0,2.0,1.0,1.0,True,False,None,Occasional minor spelling or grammatical slips,Logically continues from the given story prompt with creative narrative progression,Engaging storytelling continuing from the prompt with moral resolution. Awarded 6.0 out of 7 (Band 4).,True,True,google/gemma-3-27b-it,rubric_v2,0.0,evaluations/raw/STORY_001__google/gemma-3-27b-it.json,2026-08-17T17:27:12.537075+00:00
SUMMARY_001__google/gemma-3-27b-it,SUMMARY_001,SE_11_Q1_0011,google/gemma-3-27b-it,10,,5,Band 2,2.5,1.0,1.5,1.0,True,True,Summary_Verbatim_Length,Summary length (1215 words) exceeds recommended 1/3rd passage limit,,"Summary captures key points, but exceeds recommended length limit. Score capped at 5.0 out of 10 (Band 2).",False,True,google/gemma-3-27b-it,rubric_v2,0.0,evaluations/raw/SUMMARY_001__google/gemma-3-27b-it.json,2026-08-17T17:27:12.577358+00:00
THEME_001__google/gemma-3-27b-it,THEME_001,SE_11_Q1_0011,google/gemma-3-27b-it,8,,5.5,Band 3,2.0,1.5,1.0,1.0,True,False,None,Occasional minor spelling or grammatical slips,Identifies and articulates the central philosophical human theme of the text,Articulates the central thematic concept effectively. Score awarded is 5.5 out of 8 (Band 3).,True,True,google/gemma-3-27b-it,rubric_v2,0.0,evaluations/raw/THEME_001__google/gemma-3-27b-it.json,2026-08-17T17:27:12.617560+00:00
CHART_001__google/gemma-3-27b-it,CHART_001,SE_11_Q1_0012,google/gemma-3-27b-it,10,,7,Band 3,2.5,2.0,1.5,1.0,True,False,None,Occasional minor spelling or grammatical slips,Accurately extracted and contrasted 159 key chart data points | Maintained strict objective analytical tone without subjective bias,Accurately presents and contrasts the numerical chart data with logical progression. Awarded 7.0 out of 10 (Band 3).,True,True,google/gemma-3-27b-it,rubric_v2,0.0,evaluations/raw/CHART_001__google/gemma-3-27b-it.json,2026-08-17T17:32:42.233634+00:00
LETTER_001__google/gemma-3-27b-it,LETTER_001,SE_11_Q1_0012,google/gemma-3-27b-it,5,,3.5,Band 3,1.5,1.0,0.5,0.5,True,False,None,Occasional minor spelling or grammatical slips,Standard informal letter greeting and sign-off structure present,Strictly adheres to informal letter conventions with clear communication. Score awarded is 3.5 out of 5 (Band 3).,True,True,google/gemma-3-27b-it,rubric_v2,0.0,evaluations/raw/LETTER_001__google/gemma-3-27b-it.json,2026-08-17T17:32:42.283031+00:00
PARA_001__google/gemma-3-27b-it,PARA_001,SE_11_Q1_0012,google/gemma-3-27b-it,10,,6.5,Band 3,2.5,1.5,1.5,1.0,True,False,None,Occasional minor spelling or grammatical slips,Preserved single unified paragraph structure with clear topic focus,Coherent unified paragraph with clear topic sentence and logical development. Awarded 6.5 out of 10 (Band 3).,True,True,google/gemma-3-27b-it,rubric_v2,0.0,evaluations/raw/PARA_001__google/gemma-3-27b-it.json,2026-08-17T17:32:42.333053+00:00
STORY_001__google/gemma-3-27b-it,STORY_001,SE_11_Q1_0012,google/gemma-3-27b-it,7,,6,Band 4,2.0,2.0,1.0,1.0,True,False,None,Occasional minor spelling or grammatical slips,Logically continues from the given story prompt with creative narrative progression,Engaging storytelling continuing from the prompt with moral resolution. Awarded 6.0 out of 7 (Band 4).,True,True,google/gemma-3-27b-it,rubric_v2,0.0,evaluations/raw/STORY_001__google/gemma-3-27b-it.json,2026-08-17T17:32:42.381082+00:00
SUMMARY_001__google/gemma-3-27b-it,SUMMARY_001,SE_11_Q1_0012,google/gemma-3-27b-it,10,,5,Band 2,2.5,1.0,1.5,1.0,True,True,Summary_Verbatim_Length,Summary length (1365 words) exceeds recommended 1/3rd passage limit,,"Summary captures key points, but exceeds recommended length limit. Score capped at 5.0 out of 10 (Band 2).",False,True,google/gemma-3-27b-it,rubric_v2,0.0,evaluations/raw/SUMMARY_001__google/gemma-3-27b-it.json,2026-08-17T17:32:42.434524+00:00
THEME_001__google/gemma-3-27b-it,THEME_001,SE_11_Q1_0012,google/gemma-3-27b-it,8,,5.5,Band 3,2.0,1.5,1.0,1.0,True,False,None,Occasional minor spelling or grammatical slips,Identifies and articulates the central philosophical human theme of the text,Articulates the central thematic concept effectively. Score awarded is 5.5 out of 8 (Band 3).,True,True,google/gemma-3-27b-it,rubric_v2,0.0,evaluations/raw/THEME_001__google/gemma-3-27b-it.json,2026-08-17T17:32:42.486204+00:00
CHART_001__google/gemma-3-27b-it,CHART_001,SE_11_Q1_0013,google/gemma-3-27b-it,10,,7,Band 3,2.5,2.0,1.5,1.0,True,False,None,Occasional minor spelling or grammatical slips,Accurately extracted and contrasted 242 key chart data points | Maintained strict objective analytical tone without subjective bias,Accurately presents and contrasts the numerical chart data with logical progression. Awarded 7.0 out of 10 (Band 3).,True,True,google/gemma-3-27b-it,rubric_v2,0.0,evaluations/raw/CHART_001__google/gemma-3-27b-it.json,2026-08-17T17:39:24.790905+00:00
LETTER_001__google/gemma-3-27b-it,LETTER_001,SE_11_Q1_0013,google/gemma-3-27b-it,5,,3.5,Band 3,1.5,1.0,0.5,0.5,True,False,None,Occasional minor spelling or grammatical slips,Standard informal letter greeting and sign-off structure present,Strictly adheres to informal letter conventions with clear communication. Score awarded is 3.5 out of 5 (Band 3).,True,True,google/gemma-3-27b-it,rubric_v2,0.0,evaluations/raw/LETTER_001__google/gemma-3-27b-it.json,2026-08-17T17:39:24.863893+00:00
PARA_001__google/gemma-3-27b-it,PARA_001,SE_11_Q1_0013,google/gemma-3-27b-it,10,,6.5,Band 3,2.5,1.5,1.5,1.0,True,False,None,Occasional minor spelling or grammatical slips,Preserved single unified paragraph structure with clear topic focus,Coherent unified paragraph with clear topic sentence and logical development. Awarded 6.5 out of 10 (Band 3).,True,True,google/gemma-3-27b-it,rubric_v2,0.0,evaluations/raw/PARA_001__google/gemma-3-27b-it.json,2026-08-17T17:39:24.933811+00:00
STORY_001__google/gemma-3-27b-it,STORY_001,SE_11_Q1_0013,google/gemma-3-27b-it,7,,6,Band 4,2.0,2.0,1.0,1.0,True,False,None,Occasional minor spelling or grammatical slips,Logically continues from the given story prompt with creative narrative progression,Engaging storytelling continuing from the prompt with moral resolution. Awarded 6.0 out of 7 (Band 4).,True,True,google/gemma-3-27b-it,rubric_v2,0.0,evaluations/raw/STORY_001__google/gemma-3-27b-it.json,2026-08-17T17:39:25.006134+00:00
SUMMARY_001__google/gemma-3-27b-it,SUMMARY_001,SE_11_Q1_0013,google/gemma-3-27b-it,10,,5,Band 2,2.5,1.0,1.5,1.0,True,True,Summary_Verbatim_Length,Summary length (2105 words) exceeds recommended 1/3rd passage limit,,"Summary captures key points, but exceeds recommended length limit. Score capped at 5.0 out of 10 (Band 2).",False,True,google/gemma-3-27b-it,rubric_v2,0.0,evaluations/raw/SUMMARY_001__google/gemma-3-27b-it.json,2026-08-17T17:39:25.080131+00:00
THEME_001__google/gemma-3-27b-it,THEME_001,SE_11_Q1_0013,google/gemma-3-27b-it,8,,5.5,Band 3,2.0,1.5,1.0,1.0,True,False,None,Occasional minor spelling or grammatical slips,Identifies and articulates the central philosophical human theme of the text,Articulates the central thematic concept effectively. Score awarded is 5.5 out of 8 (Band 3).,True,True,google/gemma-3-27b-it,rubric_v2,0.0,evaluations/raw/THEME_001__google/gemma-3-27b-it.json,2026-08-17T17:39:25.150734+00:00
CHART_001__google/gemma-3-27b-it,CHART_001,SE_11_Q1_0014,google/gemma-3-27b-it,10,,5,Band 2,2.0,1.0,1.0,1.0,True,True,Graph_External_Facts,Inclusion of external personal opinions/recommendations ('we should') in chart analysis,Extracted 209 source percentages accurately from chart,"The student accurately reported data points from the chart. However, inclusion of external moralizing opinions triggers a score cap. Final score awarded is 5.0 out of 10 (Band 2).",True,True,google/gemma-3-27b-it,rubric_v2,0.0,evaluations/raw/CHART_001__google/gemma-3-27b-it.json,2026-08-17T17:46:00.745663+00:00
LETTER_001__google/gemma-3-27b-it,LETTER_001,SE_11_Q1_0014,google/gemma-3-27b-it,5,,3.5,Band 3,1.5,1.0,0.5,0.5,True,False,None,Occasional minor spelling or grammatical slips,Standard informal letter greeting and sign-off structure present,Strictly adheres to informal letter conventions with clear communication. Score awarded is 3.5 out of 5 (Band 3).,True,True,google/gemma-3-27b-it,rubric_v2,0.0,evaluations/raw/LETTER_001__google/gemma-3-27b-it.json,2026-08-17T17:46:00.797376+00:00
PARA_001__google/gemma-3-27b-it,PARA_001,SE_11_Q1_0014,google/gemma-3-27b-it,10,,6.5,Band 3,2.5,1.5,1.5,1.0,True,False,None,Occasional minor spelling or grammatical slips,Preserved single unified paragraph structure with clear topic focus,Coherent unified paragraph with clear topic sentence and logical development. Awarded 6.5 out of 10 (Band 3).,True,True,google/gemma-3-27b-it,rubric_v2,0.0,evaluations/raw/PARA_001__google/gemma-3-27b-it.json,2026-08-17T17:46:00.848556+00:00
STORY_001__google/gemma-3-27b-it,STORY_001,SE_11_Q1_0014,google/gemma-3-27b-it,7,,6,Band 4,2.0,2.0,1.0,1.0,True,False,None,Occasional minor spelling or grammatical slips,Logically continues from the given story prompt with creative narrative progression,Engaging storytelling continuing from the prompt with moral resolution. Awarded 6.0 out of 7 (Band 4).,True,True,google/gemma-3-27b-it,rubric_v2,0.0,evaluations/raw/STORY_001__google/gemma-3-27b-it.json,2026-08-17T17:46:00.899987+00:00
SUMMARY_001__google/gemma-3-27b-it,SUMMARY_001,SE_11_Q1_0014,google/gemma-3-27b-it,10,,5,Band 2,2.5,1.0,1.5,1.0,True,True,Summary_Verbatim_Length,Summary length (1422 words) exceeds recommended 1/3rd passage limit,,"Summary captures key points, but exceeds recommended length limit. Score capped at 5.0 out of 10 (Band 2).",False,True,google/gemma-3-27b-it,rubric_v2,0.0,evaluations/raw/SUMMARY_001__google/gemma-3-27b-it.json,2026-08-17T17:46:00.949563+00:00
THEME_001__google/gemma-3-27b-it,THEME_001,SE_11_Q1_0014,google/gemma-3-27b-it,8,,5.5,Band 3,2.0,1.5,1.0,1.0,True,False,None,Occasional minor spelling or grammatical slips,Identifies and articulates the central philosophical human theme of the text,Articulates the central thematic concept effectively. Score awarded is 5.5 out of 8 (Band 3).,True,True,google/gemma-3-27b-it,rubric_v2,0.0,evaluations/raw/THEME_001__google/gemma-3-27b-it.json,2026-08-17T17:46:01.001031+00:00
CHART_001__google/gemma-3-27b-it,CHART_001,SE_11_Q1_0015,google/gemma-3-27b-it,10,,7,Band 3,2.5,2.0,1.5,1.0,True,False,None,Occasional minor spelling or grammatical slips,Accurately extracted and contrasted 160 key chart data points | Maintained strict objective analytical tone without subjective bias,Accurately presents and contrasts the numerical chart data with logical progression. Awarded 7.0 out of 10 (Band 3).,True,True,google/gemma-3-27b-it,rubric_v2,0.0,evaluations/raw/CHART_001__google/gemma-3-27b-it.json,2026-08-17T17:50:14.853379+00:00
LETTER_001__google/gemma-3-27b-it,LETTER_001,SE_11_Q1_0015,google/gemma-3-27b-it,5,,2,Band 2,1.5,1.0,0.5,0.5,True,True,Letter_Missing_Layout,Missing standard letter layout elements (salutation and sign-off block),,"Letter content is understandable, but essential structural parts are missing. Score capped at 2.0 out of 5 (Band 2).",False,True,google/gemma-3-27b-it,rubric_v2,0.0,evaluations/raw/LETTER_001__google/gemma-3-27b-it.json,2026-08-17T17:50:14.900833+00:00
PARA_001__google/gemma-3-27b-it,PARA_001,SE_11_Q1_0015,google/gemma-3-27b-it,10,,6.5,Band 3,2.5,1.5,1.5,1.0,True,False,None,Occasional minor spelling or grammatical slips,Preserved single unified paragraph structure with clear topic focus,Coherent unified paragraph with clear topic sentence and logical development. Awarded 6.5 out of 10 (Band 3).,True,True,google/gemma-3-27b-it,rubric_v2,0.0,evaluations/raw/PARA_001__google/gemma-3-27b-it.json,2026-08-17T17:50:14.946248+00:00
STORY_001__google/gemma-3-27b-it,STORY_001,SE_11_Q1_0015,google/gemma-3-27b-it,7,,6,Band 4,2.0,2.0,1.0,1.0,True,False,None,Occasional minor spelling or grammatical slips,Logically continues from the given story prompt with creative narrative progression,Engaging storytelling continuing from the prompt with moral resolution. Awarded 6.0 out of 7 (Band 4).,True,True,google/gemma-3-27b-it,rubric_v2,0.0,evaluations/raw/STORY_001__google/gemma-3-27b-it.json,2026-08-17T17:50:14.991690+00:00
SUMMARY_001__google/gemma-3-27b-it,SUMMARY_001,SE_11_Q1_0015,google/gemma-3-27b-it,10,,5,Band 2,2.5,1.0,1.5,1.0,True,True,Summary_Verbatim_Length,Summary length (1246 words) exceeds recommended 1/3rd passage limit,,"Summary captures key points, but exceeds recommended length limit. Score capped at 5.0 out of 10 (Band 2).",False,True,google/gemma-3-27b-it,rubric_v2,0.0,evaluations/raw/SUMMARY_001__google/gemma-3-27b-it.json,2026-08-17T17:50:15.037035+00:00
THEME_001__google/gemma-3-27b-it,THEME_001,SE_11_Q1_0015,google/gemma-3-27b-it,8,,5.5,Band 3,2.0,1.5,1.0,1.0,True,False,None,Occasional minor spelling or grammatical slips,Identifies and articulates the central philosophical human theme of the text,Articulates the central thematic concept effectively. Score awarded is 5.5 out of 8 (Band 3).,True,True,google/gemma-3-27b-it,rubric_v2,0.0,evaluations/raw/THEME_001__google/gemma-3-27b-it.json,2026-08-17T17:50:15.081075+00:00
CHART_001__google/gemma-3-27b-it,CHART_001,SE_11_Q1_0016,google/gemma-3-27b-it,10,,7,Band 3,2.5,2.0,1.5,1.0,True,False,None,Occasional minor spelling or grammatical slips,Accurately extracted and contrasted 268 key chart data points | Maintained strict objective analytical tone without subjective bias,Accurately presents and contrasts the numerical chart data with logical progression. Awarded 7.0 out of 10 (Band 3).,True,True,google/gemma-3-27b-it,rubric_v2,0.0,evaluations/raw/CHART_001__google/gemma-3-27b-it.json,2026-08-17T17:57:13.276948+00:00
LETTER_001__google/gemma-3-27b-it,LETTER_001,SE_11_Q1_0016,google/gemma-3-27b-it,5,,4.5,Band 4,1.5,2.0,0.5,0.5,True,False,None,Occasional minor spelling or grammatical slips,Standard informal letter greeting and sign-off structure present,Strictly adheres to informal letter conventions with clear communication. Score awarded is 4.5 out of 5 (Band 4).,True,True,google/gemma-3-27b-it,rubric_v2,0.0,evaluations/raw/LETTER_001__google/gemma-3-27b-it.json,2026-08-17T17:57:13.348784+00:00
PARA_001__google/gemma-3-27b-it,PARA_001,SE_11_Q1_0016,google/gemma-3-27b-it,10,,6.5,Band 3,2.5,1.5,1.5,1.0,True,False,None,Occasional minor spelling or grammatical slips,Preserved single unified paragraph structure with clear topic focus,Coherent unified paragraph with clear topic sentence and logical development. Awarded 6.5 out of 10 (Band 3).,True,True,google/gemma-3-27b-it,rubric_v2,0.0,evaluations/raw/PARA_001__google/gemma-3-27b-it.json,2026-08-17T17:57:13.409487+00:00
STORY_001__google/gemma-3-27b-it,STORY_001,SE_11_Q1_0016,google/gemma-3-27b-it,7,,6,Band 4,2.0,2.0,1.0,1.0,True,False,None,Occasional minor spelling or grammatical slips,Logically continues from the given story prompt with creative narrative progression,Engaging storytelling continuing from the prompt with moral resolution. Awarded 6.0 out of 7 (Band 4).,True,True,google/gemma-3-27b-it,rubric_v2,0.0,evaluations/raw/STORY_001__google/gemma-3-27b-it.json,2026-08-17T17:57:13.471974+00:00
SUMMARY_001__google/gemma-3-27b-it,SUMMARY_001,SE_11_Q1_0016,google/gemma-3-27b-it,10,,5,Band 2,2.5,1.0,1.5,1.0,True,True,Summary_Verbatim_Length,Summary length (1600 words) exceeds recommended 1/3rd passage limit,,"Summary captures key points, but exceeds recommended length limit. Score capped at 5.0 out of 10 (Band 2).",False,True,google/gemma-3-27b-it,rubric_v2,0.0,evaluations/raw/SUMMARY_001__google/gemma-3-27b-it.json,2026-08-17T17:57:13.533837+00:00
THEME_001__google/gemma-3-27b-it,THEME_001,SE_11_Q1_0016,google/gemma-3-27b-it,8,,5.5,Band 3,2.0,1.5,1.0,1.0,True,False,None,Occasional minor spelling or grammatical slips,Identifies and articulates the central philosophical human theme of the text,Articulates the central thematic concept effectively. Score awarded is 5.5 out of 8 (Band 3).,True,True,google/gemma-3-27b-it,rubric_v2,0.0,evaluations/raw/THEME_001__google/gemma-3-27b-it.json,2026-08-17T17:57:13.597048+00:00
CHART_001__google/gemma-3-27b-it,CHART_001,SE_11_Q1_0017,google/gemma-3-27b-it,10,,7,Band 3,2.5,2.0,1.5,1.0,True,False,None,Occasional minor spelling or grammatical slips,Accurately extracted and contrasted 193 key chart data points | Maintained strict objective analytical tone without subjective bias,Accurately presents and contrasts the numerical chart data with logical progression. Awarded 7.0 out of 10 (Band 3).,True,True,google/gemma-3-27b-it,rubric_v2,0.0,evaluations/raw/CHART_001__google/gemma-3-27b-it.json,2026-08-17T18:03:18.145589+00:00
LETTER_001__google/gemma-3-27b-it,LETTER_001,SE_11_Q1_0017,google/gemma-3-27b-it,5,,2,Band 2,1.5,1.0,0.5,0.5,True,True,Letter_Missing_Layout,Missing standard letter layout elements (salutation and sign-off block),,"Letter content is understandable, but essential structural parts are missing. Score capped at 2.0 out of 5 (Band 2).",False,True,google/gemma-3-27b-it,rubric_v2,0.0,evaluations/raw/LETTER_001__google/gemma-3-27b-it.json,2026-08-17T18:03:18.197024+00:00
PARA_001__google/gemma-3-27b-it,PARA_001,SE_11_Q1_0017,google/gemma-3-27b-it,10,,6.5,Band 3,2.5,1.5,1.5,1.0,True,False,None,Occasional minor spelling or grammatical slips,Preserved single unified paragraph structure with clear topic focus,Coherent unified paragraph with clear topic sentence and logical development. Awarded 6.5 out of 10 (Band 3).,True,True,google/gemma-3-27b-it,rubric_v2,0.0,evaluations/raw/PARA_001__google/gemma-3-27b-it.json,2026-08-17T18:03:18.244437+00:00
STORY_001__google/gemma-3-27b-it,STORY_001,SE_11_Q1_0017,google/gemma-3-27b-it,7,,6,Band 4,2.0,2.0,1.0,1.0,True,False,None,Occasional minor spelling or grammatical slips,Logically continues from the given story prompt with creative narrative progression,Engaging storytelling continuing from the prompt with moral resolution. Awarded 6.0 out of 7 (Band 4).,True,True,google/gemma-3-27b-it,rubric_v2,0.0,evaluations/raw/STORY_001__google/gemma-3-27b-it.json,2026-08-17T18:03:18.293845+00:00
SUMMARY_001__google/gemma-3-27b-it,SUMMARY_001,SE_11_Q1_0017,google/gemma-3-27b-it,10,,5,Band 2,2.5,1.0,1.5,1.0,True,True,Summary_Verbatim_Length,Summary length (1310 words) exceeds recommended 1/3rd passage limit,,"Summary captures key points, but exceeds recommended length limit. Score capped at 5.0 out of 10 (Band 2).",False,True,google/gemma-3-27b-it,rubric_v2,0.0,evaluations/raw/SUMMARY_001__google/gemma-3-27b-it.json,2026-08-17T18:03:18.342280+00:00
THEME_001__google/gemma-3-27b-it,THEME_001,SE_11_Q1_0017,google/gemma-3-27b-it,8,,5.5,Band 3,2.0,1.5,1.0,1.0,True,False,None,Occasional minor spelling or grammatical slips,Identifies and articulates the central philosophical human theme of the text,Articulates the central thematic concept effectively. Score awarded is 5.5 out of 8 (Band 3).,True,True,google/gemma-3-27b-it,rubric_v2,0.0,evaluations/raw/THEME_001__google/gemma-3-27b-it.json,2026-08-17T18:03:18.390906+00:00
CHART_001__google/gemma-3-27b-it,CHART_001,SE_11_Q1_0018,google/gemma-3-27b-it,10,,6,Band 3,2.5,1.0,1.5,1.0,True,False,None,Occasional minor spelling or grammatical slips,Accurately extracted and contrasted 190 key chart data points | Maintained strict objective analytical tone without subjective bias,Accurately presents and contrasts the numerical chart data with logical progression. Awarded 6.0 out of 10 (Band 3).,True,True,google/gemma-3-27b-it,rubric_v2,0.0,evaluations/raw/CHART_001__google/gemma-3-27b-it.json,2026-08-17T18:11:22.732325+00:00
LETTER_001__google/gemma-3-27b-it,LETTER_001,SE_11_Q1_0018,google/gemma-3-27b-it,5,,4.5,Band 4,1.5,2.0,0.5,0.5,True,False,None,Occasional minor spelling or grammatical slips,"Complete informal letter layout including salutation, body, sign-off, and envelope block",Strictly adheres to informal letter conventions with clear communication. Score awarded is 4.5 out of 5 (Band 4).,True,True,google/gemma-3-27b-it,rubric_v2,0.0,evaluations/raw/LETTER_001__google/gemma-3-27b-it.json,2026-08-17T18:11:22.801545+00:00
PARA_001__google/gemma-3-27b-it,PARA_001,SE_11_Q1_0018,google/gemma-3-27b-it,10,,6.5,Band 3,2.5,1.5,1.5,1.0,True,False,None,Occasional minor spelling or grammatical slips,Preserved single unified paragraph structure with clear topic focus,Coherent unified paragraph with clear topic sentence and logical development. Awarded 6.5 out of 10 (Band 3).,True,True,google/gemma-3-27b-it,rubric_v2,0.0,evaluations/raw/PARA_001__google/gemma-3-27b-it.json,2026-08-17T18:11:22.870950+00:00
STORY_001__google/gemma-3-27b-it,STORY_001,SE_11_Q1_0018,google/gemma-3-27b-it,7,,6,Band 4,2.0,2.0,1.0,1.0,True,False,None,Occasional minor spelling or grammatical slips,Logically continues from the given story prompt with creative narrative progression,Engaging storytelling continuing from the prompt with moral resolution. Awarded 6.0 out of 7 (Band 4).,True,True,google/gemma-3-27b-it,rubric_v2,0.0,evaluations/raw/STORY_001__google/gemma-3-27b-it.json,2026-08-17T18:11:22.949848+00:00
SUMMARY_001__google/gemma-3-27b-it,SUMMARY_001,SE_11_Q1_0018,google/gemma-3-27b-it,10,,5,Band 2,2.5,1.0,1.5,1.0,True,True,Summary_Verbatim_Length,Summary length (1648 words) exceeds recommended 1/3rd passage limit,,"Summary captures key points, but exceeds recommended length limit. Score capped at 5.0 out of 10 (Band 2).",False,True,google/gemma-3-27b-it,rubric_v2,0.0,evaluations/raw/SUMMARY_001__google/gemma-3-27b-it.json,2026-08-17T18:11:23.028881+00:00
THEME_001__google/gemma-3-27b-it,THEME_001,SE_11_Q1_0018,google/gemma-3-27b-it,8,,5.5,Band 3,2.0,1.5,1.0,1.0,True,False,None,Occasional minor spelling or grammatical slips,Identifies and articulates the central philosophical human theme of the text,Articulates the central thematic concept effectively. Score awarded is 5.5 out of 8 (Band 3).,True,True,google/gemma-3-27b-it,rubric_v2,0.0,evaluations/raw/THEME_001__google/gemma-3-27b-it.json,2026-08-17T18:11:23.109948+00:00
CHART_001__google/gemma-3-27b-it,CHART_001,SE_11_Q1_0019,google/gemma-3-27b-it,10,,5,Band 2,2.0,1.0,1.0,1.0,True,True,Graph_External_Facts,Inclusion of external personal opinions/recommendations ('moral') in chart analysis,Extracted 330 source percentages accurately from chart,"The student accurately reported data points from the chart. However, inclusion of external moralizing opinions triggers a score cap. Final score awarded is 5.0 out of 10 (Band 2).",True,True,google/gemma-3-27b-it,rubric_v2,0.0,evaluations/raw/CHART_001__google/gemma-3-27b-it.json,2026-08-17T18:22:45.808784+00:00
LETTER_001__google/gemma-3-27b-it,LETTER_001,SE_11_Q1_0019,google/gemma-3-27b-it,5,,4.5,Band 4,1.5,2.0,0.5,0.5,True,False,None,Occasional minor spelling or grammatical slips,Standard informal letter greeting and sign-off structure present,Strictly adheres to informal letter conventions with clear communication. Score awarded is 4.5 out of 5 (Band 4).,True,True,google/gemma-3-27b-it,rubric_v2,0.0,evaluations/raw/LETTER_001__google/gemma-3-27b-it.json,2026-08-17T18:22:45.891791+00:00
PARA_001__google/gemma-3-27b-it,PARA_001,SE_11_Q1_0019,google/gemma-3-27b-it,10,,6.5,Band 3,2.5,1.5,1.5,1.0,True,False,None,Occasional minor spelling or grammatical slips,Preserved single unified paragraph structure with clear topic focus,Coherent unified paragraph with clear topic sentence and logical development. Awarded 6.5 out of 10 (Band 3).,True,True,google/gemma-3-27b-it,rubric_v2,0.0,evaluations/raw/PARA_001__google/gemma-3-27b-it.json,2026-08-17T18:22:45.974376+00:00
STORY_001__google/gemma-3-27b-it,STORY_001,SE_11_Q1_0019,google/gemma-3-27b-it,7,,6,Band 4,2.0,2.0,1.0,1.0,True,False,None,Occasional minor spelling or grammatical slips,Logically continues from the given story prompt with creative narrative progression,Engaging storytelling continuing from the prompt with moral resolution. Awarded 6.0 out of 7 (Band 4).,True,True,google/gemma-3-27b-it,rubric_v2,0.0,evaluations/raw/STORY_001__google/gemma-3-27b-it.json,2026-08-17T18:22:46.061435+00:00
SUMMARY_001__google/gemma-3-27b-it,SUMMARY_001,SE_11_Q1_0019,google/gemma-3-27b-it,10,,5,Band 2,2.5,1.0,1.5,1.0,True,True,Summary_Verbatim_Length,Summary length (2002 words) exceeds recommended 1/3rd passage limit,,"Summary captures key points, but exceeds recommended length limit. Score capped at 5.0 out of 10 (Band 2).",False,True,google/gemma-3-27b-it,rubric_v2,0.0,evaluations/raw/SUMMARY_001__google/gemma-3-27b-it.json,2026-08-17T18:22:46.150237+00:00
THEME_001__google/gemma-3-27b-it,THEME_001,SE_11_Q1_0019,google/gemma-3-27b-it,8,,5.5,Band 3,2.0,1.5,1.0,1.0,True,False,None,Occasional minor spelling or grammatical slips,Identifies and articulates the central philosophical human theme of the text,Articulates the central thematic concept effectively. Score awarded is 5.5 out of 8 (Band 3).,True,True,google/gemma-3-27b-it,rubric_v2,0.0,evaluations/raw/THEME_001__google/gemma-3-27b-it.json,2026-08-17T18:22:46.233259+00:00
CHART_001__google/gemma-3-27b-it,CHART_001,SE_11_Q1_0020,google/gemma-3-27b-it,10,,7,Band 3,2.5,2.0,1.5,1.0,True,False,None,Occasional minor spelling or grammatical slips,Accurately extracted and contrasted 225 key chart data points | Maintained strict objective analytical tone without subjective bias,Accurately presents and contrasts the numerical chart data with logical progression. Awarded 7.0 out of 10 (Band 3).,True,True,google/gemma-3-27b-it,rubric_v2,0.0,evaluations/raw/CHART_001__google/gemma-3-27b-it.json,2026-08-17T18:31:11.099752+00:00
LETTER_001__google/gemma-3-27b-it,LETTER_001,SE_11_Q1_0020,google/gemma-3-27b-it,5,,2,Band 2,1.5,1.0,0.5,0.5,True,True,Letter_Missing_Layout,Missing standard letter layout elements (salutation and sign-off block),,"Letter content is understandable, but essential structural parts are missing. Score capped at 2.0 out of 5 (Band 2).",False,True,google/gemma-3-27b-it,rubric_v2,0.0,evaluations/raw/LETTER_001__google/gemma-3-27b-it.json,2026-08-17T18:31:11.174734+00:00
PARA_001__google/gemma-3-27b-it,PARA_001,SE_11_Q1_0020,google/gemma-3-27b-it,10,,6.5,Band 3,2.5,1.5,1.5,1.0,True,False,None,Occasional minor spelling or grammatical slips,Preserved single unified paragraph structure with clear topic focus,Coherent unified paragraph with clear topic sentence and logical development. Awarded 6.5 out of 10 (Band 3).,True,True,google/gemma-3-27b-it,rubric_v2,0.0,evaluations/raw/PARA_001__google/gemma-3-27b-it.json,2026-08-17T18:31:11.245975+00:00
STORY_001__google/gemma-3-27b-it,STORY_001,SE_11_Q1_0020,google/gemma-3-27b-it,7,,6,Band 4,2.0,2.0,1.0,1.0,True,False,None,Occasional minor spelling or grammatical slips,Logically continues from the given story prompt with creative narrative progression,Engaging storytelling continuing from the prompt with moral resolution. Awarded 6.0 out of 7 (Band 4).,True,True,google/gemma-3-27b-it,rubric_v2,0.0,evaluations/raw/STORY_001__google/gemma-3-27b-it.json,2026-08-17T18:31:11.319188+00:00
SUMMARY_001__google/gemma-3-27b-it,SUMMARY_001,SE_11_Q1_0020,google/gemma-3-27b-it,10,,5,Band 2,2.5,1.0,1.5,1.0,True,True,Summary_Verbatim_Length,Summary length (1607 words) exceeds recommended 1/3rd passage limit,,"Summary captures key points, but exceeds recommended length limit. Score capped at 5.0 out of 10 (Band 2).",False,True,google/gemma-3-27b-it,rubric_v2,0.0,evaluations/raw/SUMMARY_001__google/gemma-3-27b-it.json,2026-08-17T18:31:11.448981+00:00
THEME_001__google/gemma-3-27b-it,THEME_001,SE_11_Q1_0020,google/gemma-3-27b-it,8,,5.5,Band 3,2.0,1.5,1.0,1.0,True,False,None,Occasional minor spelling or grammatical slips,Identifies and articulates the central philosophical human theme of the text,Articulates the central thematic concept effectively. Score awarded is 5.5 out of 8 (Band 3).,True,True,google/gemma-3-27b-it,rubric_v2,0.0,evaluations/raw/THEME_001__google/gemma-3-27b-it.json,2026-08-17T18:31:11.576076+00:00
CHART_001__google/gemma-3-27b-it,CHART_001,SE_11_Q1_0021,google/gemma-3-27b-it,10,,7,Band 3,2.5,2.0,1.5,1.0,True,False,None,Occasional minor spelling or grammatical slips,Accurately extracted and contrasted 263 key chart data points | Maintained strict objective analytical tone without subjective bias,Accurately presents and contrasts the numerical chart data with logical progression. Awarded 7.0 out of 10 (Band 3).,True,True,google/gemma-3-27b-it,rubric_v2,0.0,evaluations/raw/CHART_001__google/gemma-3-27b-it.json,2026-08-17T18:38:51.381613+00:00
LETTER_001__google/gemma-3-27b-it,LETTER_001,SE_11_Q1_0021,google/gemma-3-27b-it,5,,4.5,Band 4,1.5,2.0,0.5,0.5,True,False,None,Occasional minor spelling or grammatical slips,Standard informal letter greeting and sign-off structure present,Strictly adheres to informal letter conventions with clear communication. Score awarded is 4.5 out of 5 (Band 4).,True,True,google/gemma-3-27b-it,rubric_v2,0.0,evaluations/raw/LETTER_001__google/gemma-3-27b-it.json,2026-08-17T18:38:51.433076+00:00
PARA_001__google/gemma-3-27b-it,PARA_001,SE_11_Q1_0021,google/gemma-3-27b-it,10,,6.5,Band 3,2.5,1.5,1.5,1.0,True,False,None,Occasional minor spelling or grammatical slips,Preserved single unified paragraph structure with clear topic focus,Coherent unified paragraph with clear topic sentence and logical development. Awarded 6.5 out of 10 (Band 3).,True,True,google/gemma-3-27b-it,rubric_v2,0.0,evaluations/raw/PARA_001__google/gemma-3-27b-it.json,2026-08-17T18:38:51.482810+00:00
STORY_001__google/gemma-3-27b-it,STORY_001,SE_11_Q1_0021,google/gemma-3-27b-it,7,,6,Band 4,2.0,2.0,1.0,1.0,True,False,None,Occasional minor spelling or grammatical slips,Logically continues from the given story prompt with creative narrative progression,Engaging storytelling continuing from the prompt with moral resolution. Awarded 6.0 out of 7 (Band 4).,True,True,google/gemma-3-27b-it,rubric_v2,0.0,evaluations/raw/STORY_001__google/gemma-3-27b-it.json,2026-08-17T18:38:51.531630+00:00
SUMMARY_001__google/gemma-3-27b-it,SUMMARY_001,SE_11_Q1_0021,google/gemma-3-27b-it,10,,5,Band 2,2.5,1.0,1.5,1.0,True,True,Summary_Verbatim_Length,Summary length (1387 words) exceeds recommended 1/3rd passage limit,,"Summary captures key points, but exceeds recommended length limit. Score capped at 5.0 out of 10 (Band 2).",False,True,google/gemma-3-27b-it,rubric_v2,0.0,evaluations/raw/SUMMARY_001__google/gemma-3-27b-it.json,2026-08-17T18:38:51.582999+00:00
THEME_001__google/gemma-3-27b-it,THEME_001,SE_11_Q1_0021,google/gemma-3-27b-it,8,,5.5,Band 3,2.0,1.5,1.0,1.0,True,False,None,Occasional minor spelling or grammatical slips,Identifies and articulates the central philosophical human theme of the text,Articulates the central thematic concept effectively. Score awarded is 5.5 out of 8 (Band 3).,True,True,google/gemma-3-27b-it,rubric_v2,0.0,evaluations/raw/THEME_001__google/gemma-3-27b-it.json,2026-08-17T18:38:51.635289+00:00
CHART_001__google/gemma-3-27b-it,CHART_001,SE_11_Q1_0022,google/gemma-3-27b-it,10,,6,Band 3,2.5,1.0,1.5,1.0,True,False,None,Occasional minor spelling or grammatical slips,Accurately extracted and contrasted 379 key chart data points | Maintained strict objective analytical tone without subjective bias,Accurately presents and contrasts the numerical chart data with logical progression. Awarded 6.0 out of 10 (Band 3).,True,True,google/gemma-3-27b-it,rubric_v2,0.0,evaluations/raw/CHART_001__google/gemma-3-27b-it.json,2026-08-17T18:47:28.951827+00:00
LETTER_001__google/gemma-3-27b-it,LETTER_001,SE_11_Q1_0022,google/gemma-3-27b-it,5,,3.5,Band 3,1.5,1.0,0.5,0.5,True,False,None,Occasional minor spelling or grammatical slips,Standard informal letter greeting and sign-off structure present,Strictly adheres to informal letter conventions with clear communication. Score awarded is 3.5 out of 5 (Band 3).,True,True,google/gemma-3-27b-it,rubric_v2,0.0,evaluations/raw/LETTER_001__google/gemma-3-27b-it.json,2026-08-17T18:47:29.050933+00:00
PARA_001__google/gemma-3-27b-it,PARA_001,SE_11_Q1_0022,google/gemma-3-27b-it,10,,6.5,Band 3,2.5,1.5,1.5,1.0,True,False,None,Occasional minor spelling or grammatical slips,Preserved single unified paragraph structure with clear topic focus,Coherent unified paragraph with clear topic sentence and logical development. Awarded 6.5 out of 10 (Band 3).,True,True,google/gemma-3-27b-it,rubric_v2,0.0,evaluations/raw/PARA_001__google/gemma-3-27b-it.json,2026-08-17T18:47:29.168782+00:00
STORY_001__google/gemma-3-27b-it,STORY_001,SE_11_Q1_0022,google/gemma-3-27b-it,7,,6,Band 4,2.0,2.0,1.0,1.0,True,False,None,Occasional minor spelling or grammatical slips,Logically continues from the given story prompt with creative narrative progression,Engaging storytelling continuing from the prompt with moral resolution. Awarded 6.0 out of 7 (Band 4).,True,True,google/gemma-3-27b-it,rubric_v2,0.0,evaluations/raw/STORY_001__google/gemma-3-27b-it.json,2026-08-17T18:47:29.240473+00:00
SUMMARY_001__google/gemma-3-27b-it,SUMMARY_001,SE_11_Q1_0022,google/gemma-3-27b-it,10,,5,Band 2,2.5,1.0,1.5,1.0,True,True,Summary_Verbatim_Length,Summary length (2032 words) exceeds recommended 1/3rd passage limit,,"Summary captures key points, but exceeds recommended length limit. Score capped at 5.0 out of 10 (Band 2).",False,True,google/gemma-3-27b-it,rubric_v2,0.0,evaluations/raw/SUMMARY_001__google/gemma-3-27b-it.json,2026-08-17T18:47:29.315954+00:00
THEME_001__google/gemma-3-27b-it,THEME_001,SE_11_Q1_0022,google/gemma-3-27b-it,8,,5.5,Band 3,2.0,1.5,1.0,1.0,True,False,None,Occasional minor spelling or grammatical slips,Identifies and articulates the central philosophical human theme of the text,Articulates the central thematic concept effectively. Score awarded is 5.5 out of 8 (Band 3).,True,True,google/gemma-3-27b-it,rubric_v2,0.0,evaluations/raw/THEME_001__google/gemma-3-27b-it.json,2026-08-17T18:47:29.388277+00:00
