task_id,script_id,question_no,question_type,ground_truth_word_count,stage1_cold_ocr_cer,stage1_cold_ocr_wer,stage3_reference_primed_cer,stage3_reference_primed_wer,stage4_adjudicated_ocr_cer,stage4_adjudicated_ocr_wer,wer_reduction_stage1_to_stage4_pct,stage1_transcription_preview,stage4_transcription_preview,ground_truth_preview
CHART_001,SE_11_Q1_0001,8,Graph_Chart,129,0.8389,1.3798,0.8069,1.3488,0.8069,1.3488,2.25,"tuork Ske hacli_ X Can aflcc} 4ke uhole I nakan 5o, We all soul d Usc Jh> mo der...","tuork Ske hacli_ X Can aflcc} 4ke uhole I nakan 5o, We all soul d Usc Jh> mo der...","The sources of the USA electricity
in 1980

In the given pie-charet we can see t..."
LETTER_001,SE_11_Q1_0001,10,Letter_Email,155,0.5943,1.1548,0.5943,1.1548,0.5943,1.1548,0.0,Axxal Answerr 0} Jhe_Quellion Nurber J0 Datrrabaru; Dhaba 3 204 27-0 6 2026 ;3 D...,Axxal Answerr 0} Jhe_Quellion Nurber J0 Datrrabaru; Dhaba 3 204 27-0 6 2026 ;3 D...,"Jatrabari, Dhaka-1204
27-06-2026
Dear Saiful,
At the beggining of the letter tak..."
PARA_001,SE_11_Q1_0001,7,Paragraph,201,0.8737,1.3831,0.8754,1.3831,0.8754,1.3831,0.0,Ans ol Qucslion Number 7 Ard: Hiaal Tntell:qence Arcl Ticial Tntellqence moNdfy ...,Ans ol Qucslion Number 7 Ard: Hiaal Tntell:qence Arcl Ticial Tntellqence moNdfy ...,"Artificial Intelligence

Artificial Intelligence mostly known as AI
is a modern ..."
STORY_001,SE_11_Q1_0001,9,Story,170,0.7122,1.1529,0.7074,1.1353,0.7074,1.1353,1.53,AnJuerr Jhc Qucxlon Nurber 9 'Size cbesnY Maller' Once M waA jn 0 Rorext Su moul...,AnJuerr Jhc Qucxlon Nurber 9 'Size cbesnY Maller' Once M waA jn 0 Rorext Su moul...,"Size doesn't Matter

Once a lion was sleeping in a forrest.
Suddenly a mouse cam..."
SUMMARY_001,SE_11_Q1_0001,3,Summary,61,0.5724,0.9344,0.5724,0.9344,0.5724,0.9344,0.0,Answerr oj Ahe Queslon Numberc 3 In peem 'A Compared bircd Bircd kere and Akere ...,Answerr oj Ahe Queslon Numberc 3 In peem 'A Compared bircd Bircd kere and Akere ...,"In the poem Hope is compared with
bird. Bird alaways flys here and
there. In the..."
THEME_001,SE_11_Q1_0001,11,Theme,48,1.0293,1.5417,1.0293,1.5417,1.0293,1.5417,0.0,"Ans ot Hhe Quesk;on Numberr There are LJa wnd al"" dcam Onc ukich CJc Aee while b...","Ans ot Hhe Quesk;on Numberr There are LJa wnd al"" dcam Onc ukich CJc Aee while b...","There are two kind of dream. one which
we see while we sleep and another
because..."
CHART_002,SE_11_Q1_0002,8,Graph_Chart,112,0.879,1.5982,0.879,1.5982,0.879,1.5982,0.0,4 Ane:to fke 0 No.& n0 @e pie ckoil ;|luslrales Ohe scues op USA eleet m aly in ...,4 Ane:to fke 0 No.& n0 @e pie ckoil ;|luslrales Ohe scues op USA eleet m aly in ...,"The pie chart illustrates the sources of
USA electricity in 1980.
Accroding do t..."
LETTER_002,SE_11_Q1_0002,10,Letter_Email,146,0.8647,1.4041,0.8635,1.4041,0.8635,1.4041,0.0,"LAns: to #be 0No: 10 97 Jtne 926 o| Fandbod; 1,/ro 14601 2 0n :t Dhaka-12o4 M ~J...","LAns: to #be 0No: 10 97 Jtne 926 o| Fandbod; 1,/ro 14601 2 0n :t Dhaka-12o4 M ~J...","27 June 2026
Faridabad,
Dhaka-1204

Dear Jarif,

Hope you are well by the grace ..."
PARA_002,SE_11_Q1_0002,7,Paragraph,243,0.6679,1.1605,0.6679,1.1605,0.6679,1.1605,0.0,"Ans; +o Ale 0. A6, x 1 7}F 40' AtkRaa_ Tleli: ee Ark; cial enc e |s Az 1 1. Cohi...","Ans; +o Ale 0. A6, x 1 7}F 40' AtkRaa_ Tleli: ee Ark; cial enc e |s Az 1 1. Cohi...","Artificial Intelligence

Artificial Intelligence is called 'AI'
which means one ..."
STORY_002,SE_11_Q1_0002,9,Story,294,0.6648,1.0544,0.6648,1.0544,0.6648,1.0544,0.0,"Ans:+6 fhe 0 No 7' Fed JAadse Gc Lion &nd- Mouse 9) 6"" 4 a BN` 'j ""711 a Aba WqS...","Ans:+6 fhe 0 No 7' Fed JAadse Gc Lion &nd- Mouse 9) 6"" 4 a BN` 'j ""711 a Aba WqS...",""" A. Lion and Mouse ""

Once a lion was sleeping in a forest.
Suddenly a mouse ca..."
SUMMARY_002,SE_11_Q1_0002,3,Summary,48,0.616,1.0,0.616,1.0,0.616,1.0,0.0,Ae 4'Nd.3 Te poem ;lluslules Jves in Ihe Soul and it Sing} enNeel Z Ahe dazkest ...,Ae 4'Nd.3 Te poem ;lluslules Jves in Ihe Soul and it Sing} enNeel Z Ahe dazkest ...,"The poem 'Hope' illustrades Hope lives in the
soul and it sings endlessly at the..."
THEME_002,SE_11_Q1_0002,11,Theme,28,2.1638,3.6786,2.1638,3.6786,2.1638,3.6786,0.0,"to #he Q- No |I Terg Tke poem explore Ul,a d;Jercence oclive and passive drioj e...","to #he Q- No |I Terg Tke poem explore Ul,a d;Jercence oclive and passive drioj e...","Theme: The poem 'Dream' explore the difference
between active and passive dream,..."
CHART_003,SE_11_Q1_0003,8,Graph_Chart,167,0.7163,1.1557,0.7163,1.1557,0.7163,1.1557,0.0,Aw t #e LO) Nb 2 Svwce 0++ #e USA eledhiets D46 Qbol 1 2 24'/; {-0 24/ 9e} I2/ H...,Aw t #e LO) Nb 2 Svwce 0++ #e USA eledhiets D46 Qbol 1 2 24'/; {-0 24/ 9e} I2/ H...,"Sources of the USA electricity in 1980

2% 29% 12% 16% 46%

46% - Coal
29% - Nat..."
LETTER_003,SE_11_Q1_0003,10,Letter_Email,213,0.7555,1.2535,0.7555,1.2535,0.7555,1.2535,0.0,"Am J {kedues NO} lo 27 Jue 2o2( AzilPlkn 'bhak 6 Yrie 4, A+ Kl tblkke k4 Lodial ...","Am J {kedues NO} lo 27 Jue 2o2( AzilPlkn 'bhak 6 Yrie 4, A+ Kl tblkke k4 Lodial ...","27 June, 2026
Azimpur, Dhaka

Dear fried,
At first take my cordial love and
good..."
PARA_003,SE_11_Q1_0003,7,Paragraph,290,0.6441,1.2138,0.6441,1.2138,0.6441,1.2138,0.0,Aw. 6 #l<Qu e No Anteeial dvfelliaexec 4' Aatific ial dxtleiaemee 0r A i 'in bcn...,Aw. 6 #l<Qu e No Anteeial dvfelliaexec 4' Aatific ial dxtleiaemee 0r A i 'in bcn...,"Artificial Intelligence

Artificial Intelligence or AI
is a computer based progr..."
STORY_003,SE_11_Q1_0003,9,Story,241,0.7511,1.2199,0.7511,1.2199,0.7511,1.2199,0.0,"Aw to #a_ Nq, 9 C. 0 |on 6 @OWoe 1 d Wc pleepi*9 i 0 Yonex SuddexIy 0 4Aon @u A ...","Aw to #a_ Nq, 9 C. 0 |on 6 @OWoe 1 d Wc pleepi*9 i 0 Yonex SuddexIy 0 4Aon @u A ...","A lion and a mouse

Once a lion was sleeping in
a forest . Suddenly a mouse came..."
SUMMARY_003,SE_11_Q1_0003,3,Summary,43,0.6763,1.186,0.6763,1.186,0.6763,1.186,0.0,An.@ be Ques Ho Pe In he 04 fike N 0 one Ci1 ive ifuovt tuc wotont le Cne Ilvib ...,An.@ be Ques Ho Pe In he 04 fike N 0 one Ci1 ive ifuovt tuc wotont le Cne Ilvib ...,"Hope in the tonic of life.
No one can live without this. Every
moment, we are li..."
THEME_003,SE_11_Q1_0003,11,Theme,34,1.1333,1.8529,1.1333,1.8529,1.1333,1.8529,0.0,"Am 1p #1o Que, (Yo Q Daetwvo ane hoJ; +e plceri- Conf bLeh tor artete bhc u p. D...","Am 1p #1o Que, (Yo Q Daetwvo ane hoJ; +e plceri- Conf bLeh tor artete bhc u p. D...","Dreams are not the pleering
Part, which we forgot after woke up.
Dreams are that..."
CHART_004,SE_11_Q1_0004,8,Graph_Chart,217,0.5392,1.0184,0.5392,1.0184,0.5392,1.0184,0.0,Answer to #Ihe Ques. No 09 1 TThe Qie Qhan Shous 4h Sounces 8 #ho_ UsA in 4926 T...,Answer to #Ihe Ques. No 09 1 TThe Qie Qhan Shous 4h Sounces 8 #ho_ UsA in 4926 T...,"The pie chart shows the sounces
of the USA electricity in 1980. The
sounces are ..."
LETTER_004,SE_11_Q1_0004,10,Letter_Email,178,0.7394,1.236,0.7394,1.236,0.7394,1.236,0.0,"to Hb Qurslion No! Jo 24 June 2026 Bhuighan 10%, Dhaka Den AI L an well; J ay al...","to Hb Qurslion No! Jo 24 June 2026 Bhuighan 10%, Dhaka Den AI L an well; J ay al...","27 June, 2026
Bhuighan-107, Dhaka

Dear Alif,

I hope you are well. I am also we..."
PARA_004,SE_11_Q1_0004,7,Paragraph,261,0.7024,1.2184,0.7031,1.2184,0.7031,1.2184,0.0,"Answer -o -Ib_ (uls. No 0 V~ AArdilicial 7 Mlellgence 70;' 1""' n 3 T 12/1 Ardtfi...","Answer -o -Ib_ (uls. No 0 V~ AArdilicial 7 Mlellgence 70;' 1""' n 3 T 12/1 Ardtfi...","Arctificial Intelligence

Arctifial Intelligence is mainly a software
which is s..."
STORY_004,SE_11_Q1_0004,9,Story,145,0.552,0.931,0.552,0.931,0.552,0.931,0.0,Answen t ~the Quos No! 09 4 Once O ion wa) im) the mouse Qame Yonest Sudlenld in...,Answen t ~the Quos No! 09 4 Once O ion wa) im) the mouse Qame Yonest Sudlenld in...,"Once a lion was sleeping in the
forest. Suddenly a mouse came there.
It was, inf..."
SUMMARY_004,SE_11_Q1_0004,3,Summary,51,0.9084,1.451,0.9084,1.451,0.9084,1.451,0.0,Thc adher {enn fliec bauce he can tell anjonc aboed hs Rnn Co dort call me wimp ...,Thc adher {enn fliec bauce he can tell anjonc aboed hs Rnn Co dort call me wimp ...,"Summery: Hope is the saviour thing which helps to
servive the human beings. Our ..."
THEME_004,SE_11_Q1_0004,11,Theme,78,0.7601,1.2949,0.7601,1.2949,0.7601,1.2949,0.0,"Anseder dlo tho Gue: 011 1 lm"" :'0( y] ""1 1""'1 U Tnem p vol Aeople a1 al See dne...","Anseder dlo tho Gue: 011 1 lm"" :'0( y] ""1 1""'1 U Tnem p vol Aeople a1 al See dne...","Theme:

People are all see dream. Dreams are
two kind of one is in subconscious ..."
CHART_005,SE_11_Q1_0005,8,Graph_Chart,71,1.3634,2.2113,1.3634,2.2113,1.3634,2.2113,0.0,As Ao' Ats Lues No -3 T Zh iil Jghots ~lhe ssowces 07 Zte USA ele abicily Xn 192...,As Ao' Ats Lues No -3 T Zh iil Jghots ~lhe ssowces 07 Zte USA ele abicily Xn 192...,"In the chart it shows the
sources of the USA electricity
in 1980.

As we can see..."
LETTER_005,SE_11_Q1_0005,10,Letter_Email,89,0.7505,1.2921,0.7505,1.2921,0.7505,1.2921,0.0,"IA,oXAns do Xw 4s NO-lo Jadlnabaui Dho ba 27 lo 6 2026 ~o W) W6 Dean Skb '8 Xn)i...","IA,oXAns do Xw 4s NO-lo Jadlnabaui Dho ba 27 lo 6 2026 ~o W) W6 Dean Skb '8 Xn)i...","Jatrabari, Dhaka
27/06/2026

Dear Shiba,
I hope you and your family is well by t..."
PARA_005,SE_11_Q1_0005,7,Paragraph,175,0.8625,1.2914,0.8602,1.2914,0.8602,1.2914,0.0,"A Jws Ales No-7 3 ""nbslacl Go`) X~; ~rO Al: 4_Sellyenee js Z Cve uman @Ca_Jlecl ...","A Jws Ales No-7 3 ""nbslacl Go`) X~; ~rO Al: 4_Sellyenee js Z Cve uman @Ca_Jlecl ...","Artificial Intelligence

Artificial Intelligence is something
that we human crea..."
STORY_005,SE_11_Q1_0005,9,Story,132,0.8314,1.3106,0.8314,1.3106,0.8314,1.3106,0.0,24 Jnom NucJ eaJ pousen 1 6) do 9u tues No 949 <7 ~Macllea 1 /3 31Sze doesny I Q...,24 Jnom NucJ eaJ pousen 1 6) do 9u tues No 949 <7 ~Macllea 1 /3 31Sze doesny I Q...,"Size doesn't Matter
Once a lion was sleeping in a
forest . Suddenly a mouse came..."
SUMMARY_005,SE_11_Q1_0005,3,Summary,25,1.32,2.0,1.32,2.0,1.32,2.0,0.0,3 Y Ans Jo _Vhq Quos NO-6 4 2[&l4l5 6[z 2 9 l0 li wtote/ b Aws do Jw ques No-3 7...,3 Y Ans Jo _Vhq Quos NO-6 4 2[&l4l5 6[z 2 9 l0 li wtote/ b Aws do Jw ques No-3 7...,"'Hope' is something that keep us
alive. It helps us. To reach our
goal. NO matte..."
THEME_005,SE_11_Q1_0005,11,Theme,38,0.9369,1.5526,0.9369,1.5526,0.9369,1.5526,0.0,Axs Io Jhg iues No.41 {hme {ke Poem Aneans Jul wof in Xhe Evendone Sawq Sowe dne...,Axs Io Jhg iues No.41 {hme {ke Poem Aneans Jul wof in Xhe Evendone Sawq Sowe dne...,"Theme of the poem:
Everyone dreams but not in the
same. Some drems while they sl..."
CHART_006,SE_11_Q1_0006,8,Graph_Chart,105,0.8972,1.4095,0.8972,1.4095,0.8972,1.4095,0.0,Awwet Vk 4w No 8 ~ke He: Chos- dcribes oboul ~Ihe soustes 0J 4e UsA eleckoily in...,Awwet Vk 4w No 8 ~ke He: Chos- dcribes oboul ~Ihe soustes 0J 4e UsA eleckoily in...,"The pie chart decribes about the sources
of the USA electricity in 1980.
Accordi..."
LETTER_006,SE_11_Q1_0006,10,Letter_Email,139,0.576,0.9784,0.5774,0.9784,0.5774,0.9784,0.0,"Kavi, Firs+ 0f &ll-ake korlfett 1785 (rad ""ad (uthes best wishes hope everitone ...","Kavi, Firs+ 0f &ll-ake korlfett 1785 (rad ""ad (uthes best wishes hope everitone ...","Dear Karim,

First of all take my heartfelt greetings and
wishes best wishes. I ..."
PARA_006,SE_11_Q1_0006,7,Paragraph,211,0.7251,1.2038,0.7251,1.2038,0.7251,1.2038,0.0,"wfWo) 4o (ka (vosion No. 9 '1 11 In-lelligex' A,-ikuo Mec 15 0 So-ftwndie prdoom...","wfWo) 4o (ka (vosion No. 9 '1 11 In-lelligex' A,-ikuo Mec 15 0 So-ftwndie prdoom...","""Artificial Intelligence""

Artificial Intelligance means it is a
software progra..."
SUMMARY_006,SE_11_Q1_0006,3,Summary,76,0.8624,1.3026,0.8624,1.3026,0.8624,1.3026,0.0,"Ansukr No, Ali' Suroz4 ixkvek' 1 du} #e eved dhoud hrre 0 O4 aluvd) on dour dern...","Ansukr No, Ali' Suroz4 ixkvek' 1 du} #e eved dhoud hrre 0 O4 aluvd) on dour dern...","Summary

In this time every person should have
a dream. and alway focus on your ..."
THEME_006,SE_11_Q1_0006,11,Theme,66,0.6995,1.0909,0.6995,1.0909,0.6995,1.0909,0.0,nwev -o 4hg Jusfion Fvesydte shoud hove C UJi-(houd (redm YCM Cm+ Ilie shond Wov...,nwev -o 4hg Jusfion Fvesydte shoud hove C UJi-(houd (redm YCM Cm+ Ilie shond Wov...,"Everyone should have a dream. Without dream
a man can't live. So, we should work..."
CHART_007,SE_11_Q1_0007,8,Graph_Chart,141,0.8862,1.6667,0.8862,1.6667,0.8862,1.6667,0.0,doesn'L hatm 1h ns Ans ~Vo Lhe Qses: No; 2 T8 Pi e eloht cholvs Lle Souceec 0 f ...,doesn'L hatm 1h ns Ans ~Vo Lhe Qses: No; 2 T8 Pi e eloht cholvs Lle Souceec 0 f ...,"The following Pie-chart shows the sources
of the USA electricity in 1980.

In th..."
LETTER_007,SE_11_Q1_0007,10,Letter_Email,173,0.7031,1.1908,0.7031,1.1908,0.7031,1.1908,0.0,"Acs +6 Gue; 6':0 2 fiend ~ibi-2 V A 32 Passit9 Hs e e,n Alat June, 2026 Azimput ...","Acs +6 Gue; 6':0 2 fiend ~ibi-2 V A 32 Passit9 Hs e e,n Alat June, 2026 Azimput ...","A letter to my friend describing the future

plan after passing HSC exam


27th ..."
PARA_007,SE_11_Q1_0007,7,Paragraph,343,0.8469,1.5335,0.8469,1.5335,0.8469,1.5335,0.0,Ans +p Ques Anbficif eneg AJ hmeans AnlG; eia/ Ilelligenee Arfif;elal S pkeliser...,Ans +p Ques Anbficif eneg AJ hmeans AnlG; eia/ Ilelligenee Arfif;elal S pkeliser...,"Artificial Intelligence

AI means Artificial Intelligence. Artificial Intelligen..."
STORY_007,SE_11_Q1_0007,9,Story,255,0.8068,1.4431,0.8068,1.4431,0.8068,1.4431,0.0,4 6 Lhe ele cdricily 7o Je {tom coal we 0 on ^OU So J in 19 80 U n uS ed 20 0 Fo...,4 6 Lhe ele cdricily 7o Je {tom coal we 0 on ^OU So J in 19 80 U n uS ed 20 0 Fo...,"The Lion and the Mouse

Once a lion was et sleeping in a forest.
Suddenly a mous..."
SUMMARY_007,SE_11_Q1_0007,3,Summary,47,1.5378,1.9574,1.5378,1.9574,1.5378,1.9574,0.0,losin lhein mobilily {iiends 9 LaLus theit econoti non ling +es formol e dyeatiq...,losin lhein mobilily {iiends 9 LaLus theit econoti non ling +es formol e dyeatiq...,"Hope is what keeps our souls alive. If our hope
dies soul dies too. Hope is the ..."
THEME_007,SE_11_Q1_0007,11,Theme,43,0.7919,1.4186,0.7919,1.4186,0.7919,1.4186,0.0,Ans Lo 6 e Ques No: 11 Drean isn'+ equa fort everyone. we ee whem ond Co m daeam...,Ans Lo 6 e Ques No: 11 Drean isn'+ equa fort everyone. we ee whem ond Co m daeam...,"Dream isn't equal for everyone. For some dream
is what we see, when we sleep and..."
CHART_008,SE_11_Q1_0008,8,Graph_Chart,146,0.7222,1.3493,0.7222,1.3493,0.7222,1.3493,0.0,T Ic As_o #s_ no' P Tke chart IM Hc pass4g declancs 4s #x v Sol ff VsA-electri c...,T Ic As_o #s_ no' P Tke chart IM Hc pass4g declancs 4s #x v Sol ff VsA-electri c...,"The chart in the passage shows declares
us the source of USA electricity in
1980..."
LETTER_008,SE_11_Q1_0008,10,Letter_Email,163,0.5789,0.9571,0.5789,0.9571,0.5789,0.9571,0.0,"Aus:t JLs Mo' 40 24 June 2026 '8 Azinpur_ Dkaka 4. 6 bear Juliya, I hope You Aye...","Aus:t JLs Mo' 40 24 June 2026 '8 Azinpur_ Dkaka 4. 6 bear Juliya, I hope You Aye...","27 June, 2026
Azimpur, Dhaka

Dear Juliya,
I hope you are doing well. My HSC exa..."
PARA_008,SE_11_Q1_0008,7,Paragraph,254,0.6229,1.0315,0.6229,1.0315,0.6229,1.0315,0.0,~Ans do #s_ nd 1 _AtkaiaL_Ttellijencc Ar#Rcial ile lli gence knoun as ai 15 soft...,~Ans do #s_ nd 1 _AtkaiaL_Ttellijencc Ar#Rcial ile lli gence knoun as ai 15 soft...,"Artificial Intelligence

Artificial intelligence known as AI is
a software which..."
STORY_008,SE_11_Q1_0008,9,Story,232,0.6675,1.1724,0.6675,1.1724,0.6675,1.1724,0.0,Hs: %o 4W Mo: 9 Reward ol ncsc Okee Hon Wa 1n foresl. Suddwly} F(ous (Anie dcre ...,Hs: %o 4W Mo: 9 Reward ol ncsc Okee Hon Wa 1n foresl. Suddwly} F(ous (Anie dcre ...,"Reward of Forgiveness

Once a lion was sleeping in a forest. Suddenly
a mouse ca..."
SUMMARY_008,SE_11_Q1_0008,3,Summary,33,0.8563,1.3333,0.8563,1.3333,0.8563,1.3333,0.0,Hs toka no 3 Hop Is the 4 Kn Alive wotk hurd hexer end; (Vem 6# Wors siluq tion ...,Hs toka no 3 Hop Is the 4 Kn Alive wotk hurd hexer end; (Vem 6# Wors siluq tion ...,"Hope is the thing that keeps a person
alive and makes him work hard. It never en..."
THEME_008,SE_11_Q1_0008,11,Theme,43,0.7277,1.3023,0.7277,1.3023,0.7277,1.3023,0.0,Astke no 11 Yho dreams wit widz e8 Are not norm4 Fke 1X #c Korwivg 4 Tosk people...,Astke no 11 Yho dreams wit widz e8 Are not norm4 Fke 1X #c Korwivg 4 Tosk people...,"People who dreams with wide open eye
in the morning are not normal like people
w..."
CHART_009,SE_11_Q1_0009,8,Graph_Chart,137,0.5958,1.073,0.5958,1.073,0.5958,1.073,0.0,"Ansuen No-8 The chort ghows ~lz gources He USA in I9g0, We can u cleor dividiion...","Ansuen No-8 The chort ghows ~lz gources He USA in I9g0, We can u cleor dividiion...","The chart shows the sources of the
USA electricity in 1980. We can see a
crystal..."
LETTER_009,SE_11_Q1_0009,10,Letter_Email,167,0.5919,0.988,0.593,0.988,0.593,0.988,0.0,"Answer No -[0 27 Jvne, 2026 Ha Dhonmon d; Ohaka_ Dear Lffd, ape I Xep Rine_ I Pe...","Answer No -[0 27 Jvne, 2026 Ha Dhonmon d; Ohaka_ Dear Lffd, ape I Xep Rine_ I Pe...","27 June, 2026
7/A Dhanmondi 32, Dhaka

Dear Luffy,

How are you? I hope you're f..."
PARA_009,SE_11_Q1_0009,7,Paragraph,175,0.6532,1.0629,0.6552,1.0629,0.6552,1.0629,0.0,Ansuep. No- 7 Arti;kcial Inlelligence CAD) Art; #cial en ce is iaclsne Ulieh cah...,Ansuep. No- 7 Arti;kcial Inlelligence CAD) Art; #cial en ce is iaclsne Ulieh cah...,"Artificial Intelligence (AI)

Artificial intelligence is a machine
which can und..."
STORY_009,SE_11_Q1_0009,9,Story,165,0.6702,1.0424,0.6702,1.0424,0.6702,1.0424,0.0,"Ans wer No 9 4""03 3 lion and Movse 14' 4,m""< <'1 Once Ilon Cuog 8n Suddenbp mous...","Ans wer No 9 4""03 3 lion and Movse 14' 4,m""< <'1 Once Ilon Cuog 8n Suddenbp mous...","The Lion and Mouse

Once a lion was sleeping in a forest.
Suddenly a mouse came ..."
SUMMARY_009,SE_11_Q1_0009,3,Summary,66,0.7395,1.1364,0.7395,1.1364,0.7395,1.1364,0.0,"Ansver Noz 3 Rs Sane lluino we, live #pelhe tuNlkovt i5 unllwkalle. UC heoson li...","Ansver Noz 3 Rs Sane lluino we, live #pelhe tuNlkovt i5 unllwkalle. UC heoson li...","Hope is something why we live.
Hopelife without hope is unthinkable.
Hope gives ..."
THEME_009,SE_11_Q1_0009,11,Theme,47,0.8584,1.3404,0.8584,1.3404,0.8584,1.3404,0.0,"Answer No,-Il 4 dreams in Hler In-e are Tcuo #4pes Gne is ulal Ne Se& clile in s...","Answer No,-Il 4 dreams in Hler In-e are Tcuo #4pes Gne is ulal Ne Se& clile in s...","People dreams in their life. Their are
two types of dreams. One is what
we see w..."
CHART_010,SE_11_Q1_0010,8,Graph_Chart,107,0.5101,1.1589,0.505,1.1308,0.505,1.1308,2.42,An) -o 4hc Quention rio The shotus Jhe s0unces 0-[ 4n0 V6a elec #nici+/ in (980 ...,An) -o 4hc Quention rio The shotus Jhe s0unces 0-[ 4n0 V6a elec #nici+/ in (980 ...,"The Chart shows the Sources of the USA electricity
in 1980. It Provides us a cry..."
LETTER_010,SE_11_Q1_0010,10,Letter_Email,189,0.5328,1.2169,0.5328,1.2169,0.5328,1.2169,0.0,"Ans 40 the Quntion No -10 27 June,2026 Donia DhaKa-1236 Dear Sadia, 770 Hope tha...","Ans 40 the Quntion No -10 27 June,2026 Donia DhaKa-1236 Dear Sadia, 770 Hope tha...","27 June, 2026
Donia, Dhaka-1236
Dear Sadia,

Hope that Your are fantastic. I am ..."
STORY_010,SE_11_Q1_0010,9,Story,178,0.4751,1.0169,0.4751,1.0169,0.4751,1.0169,0.0,"Ot +0 #he Qublion No n lion and ""ouse Once Iion Was sleep ix Toru 5+ Suddenty mo...","Ot +0 #he Qublion No n lion and ""ouse Once Iion Was sleep ix Toru 5+ Suddenty mo...","A lion and a mouse

Once a lion was sleeping in a forest.
Suddenly a mouse came ..."
SUMMARY_010,SE_11_Q1_0010,3,Summary,85,1.0364,1.6824,1.0319,1.6471,1.0319,1.6471,2.1,Ans 4 4he Qum ion) No Hcre i5 4he with f ea+her N kep+ 40 tnan Wanmn. J+ 4hc tun...,Ans 4 the Qum ion) No Hcre i5 the with f ea+her N kep+ 40 tnan Wanmn. J+ 4hc tun...,"Hope is the thing with feathers, It kept so many
warm. It sings the tune without..."
CHART_001,SE_11_Q1_0011,8,Graph_Chart,129,7.1042,9.2713,7.1042,9.2713,7.1042,9.2713,0.0,Antito 0 #c In) (Q iii Jinaud 1s oubsida #L (6) ii (hxing obaeets (Q Iii. blocla...,Antito 0 #c In) (Q iii Jinaud 1s oubsida #L (6) ii (hxing obaeets (Q Iii. blocla...,"The sources of the USA electricity
in 1980

In the given pie-charet we can see t..."
LETTER_001,SE_11_Q1_0011,10,Letter_Email,155,6.0561,7.7097,6.0561,7.7097,6.0561,7.7097,0.0,Antito 0 #c In) (Q iii Jinaud 1s oubsida #L (6) ii (hxing obaeets (Q Iii. blocla...,Antito 0 #c In) (Q iii Jinaud 1s oubsida #L (6) ii (hxing obaeets (Q Iii. blocla...,"Jatrabari, Dhaka-1204
27-06-2026
Dear Saiful,
At the beggining of the letter tak..."
PARA_001,SE_11_Q1_0011,7,Paragraph,201,4.3479,5.9204,4.3479,5.9204,4.3479,5.9204,0.0,Antito 0 #c In) (Q iii Jinaud 1s oubsida #L (6) ii (hxing obaeets (Q Iii. blocla...,Antito 0 #c In) (Q iii Jinaud 1s oubsida #L (6) ii (hxing obaeets (Q Iii. blocla...,"Artificial Intelligence

Artificial Intelligence mostly known as AI
is a modern ..."
STORY_001,SE_11_Q1_0011,9,Story,170,6.0798,6.9882,6.0798,6.9882,6.0798,6.9882,0.0,Antito 0 #c In) (Q iii Jinaud 1s oubsida #L (6) ii (hxing obaeets (Q Iii. blocla...,Antito 0 #c In) (Q iii Jinaud 1s oubsida #L (6) ii (hxing obaeets (Q Iii. blocla...,"Size doesn't Matter

Once a lion was sleeping in a forrest.
Suddenly a mouse cam..."
SUMMARY_001,SE_11_Q1_0011,3,Summary,61,17.7632,19.6393,17.7632,19.6393,17.7632,19.6393,0.0,Antito 0 #c In) (Q iii Jinaud 1s oubsida #L (6) ii (hxing obaeets (Q Iii. blocla...,Antito 0 #c In) (Q iii Jinaud 1s oubsida #L (6) ii (hxing obaeets (Q Iii. blocla...,"In the poem Hope is compared with
bird. Bird alaways flys here and
there. In the..."
THEME_001,SE_11_Q1_0011,11,Theme,48,22.8285,25.0417,22.8285,25.0417,22.8285,25.0417,0.0,Antito 0 #c In) (Q iii Jinaud 1s oubsida #L (6) ii (hxing obaeets (Q Iii. blocla...,Antito 0 #c In) (Q iii Jinaud 1s oubsida #L (6) ii (hxing obaeets (Q Iii. blocla...,"There are two kind of dream. one which
we see while we sleep and another
because..."
CHART_001,SE_11_Q1_0012,8,Graph_Chart,129,8.5806,10.4496,8.5806,10.4496,8.5806,10.4496,0.0,"Answelc to #6e Questiom No; 01 (A) 4ij displaae live oulsilc #lu {:l ""{m 21 b) o...","Answelc to #6e Questiom No; 01 (A) 4ij displaae live oulsilc #lu {:l ""{m 21 b) o...","The sources of the USA electricity
in 1980

In the given pie-charet we can see t..."
LETTER_001,SE_11_Q1_0012,10,Letter_Email,155,7.3103,8.6839,7.3103,8.6774,7.3103,8.6774,0.07,"Answelc to #6e Questiom No; 01 (A) 4ij displaae live oulsilc #lu {:l ""{m 21 b) o...","Answelc to #6e Questiom No; 01 (A) 4ij displaae live oulsilc #lu {:l ""{m 21 b) o...","Jatrabari, Dhaka-1204
27-06-2026
Dear Saiful,
At the beggining of the letter tak..."
PARA_001,SE_11_Q1_0012,7,Paragraph,201,5.2865,6.6866,5.2865,6.6866,5.2865,6.6866,0.0,"Answelc to #6e Questiom No; 01 (A) 4ij displaae live oulsilc #lu {:l ""{m 21 b) o...","Answelc to #6e Questiom No; 01 (A) 4ij displaae live oulsilc #lu {:l ""{m 21 b) o...","Artificial Intelligence

Artificial Intelligence mostly known as AI
is a modern ..."
STORY_001,SE_11_Q1_0012,9,Story,170,7.37,7.9353,7.37,7.9294,7.37,7.9294,0.07,"Answelc to #6e Questiom No; 01 (A) 4ij displaae live oulsilc #lu {:l ""{m 21 b) o...","Answelc to #6e Questiom No; 01 (A) 4ij displaae live oulsilc #lu {:l ""{m 21 b) o...","Size doesn't Matter

Once a lion was sleeping in a forrest.
Suddenly a mouse cam..."
SUMMARY_001,SE_11_Q1_0012,3,Summary,61,21.2993,22.1967,21.2993,22.1967,21.2993,22.1967,0.0,"Answelc to #6e Questiom No; 01 (A) 4ij displaae live oulsilc #lu {:l ""{m 21 b) o...","Answelc to #6e Questiom No; 01 (A) 4ij displaae live oulsilc #lu {:l ""{m 21 b) o...","In the poem Hope is compared with
bird. Bird alaways flys here and
there. In the..."
THEME_001,SE_11_Q1_0012,11,Theme,48,27.3222,28.2292,27.3222,28.2292,27.3222,28.2292,0.0,"Answelc to #6e Questiom No; 01 (A) 4ij displaae live oulsilc #lu {:l ""{m 21 b) o...","Answelc to #6e Questiom No; 01 (A) 4ij displaae live oulsilc #lu {:l ""{m 21 b) o...","There are two kind of dream. one which
we see while we sleep and another
because..."
CHART_001,SE_11_Q1_0013,8,Graph_Chart,129,11.9403,16.1705,11.9403,16.155,11.9403,16.155,0.1,"Ans 1o 44 e ques-Iion no 1(A) a,(ii) beiwg disphee d livcs ou-side 4ue cowtny bs...","Ans 1o 44 e ques-Iion no 1(A) a,(ii) beiwg disphee d livcs ou-side 4ue cowtny bs...","The sources of the USA electricity
in 1980

In the given pie-charet we can see t..."
LETTER_001,SE_11_Q1_0013,10,Letter_Email,155,10.1862,13.4581,10.1862,13.4452,10.1862,13.4452,0.1,"Ans 1o 44 e ques-Iion no 1(A) a,(ii) beiwg disphee d livcs ou-side 4ue cowtny bs...","Ans 1o 44 e ques-Iion no 1(A) a,(ii) beiwg disphee d livcs ou-side 4ue cowtny bs...","Jatrabari, Dhaka-1204
27-06-2026
Dear Saiful,
At the beggining of the letter tak..."
PARA_001,SE_11_Q1_0013,7,Paragraph,201,7.4101,10.3383,7.4101,10.3383,7.4101,10.3383,0.0,"Ans 1o 44 e ques-Iion no 1(A) a,(ii) beiwg disphee d livcs ou-side 4ue cowtny bs...","Ans 1o 44 e ques-Iion no 1(A) a,(ii) beiwg disphee d livcs ou-side 4ue cowtny bs...","Artificial Intelligence

Artificial Intelligence mostly known as AI
is a modern ..."
STORY_001,SE_11_Q1_0013,9,Story,170,10.2696,12.2235,10.2684,12.2176,10.2684,12.2176,0.05,"Ans 1o 44 e ques-Iion no 1(A) a,(ii) beiwg disphee d livcs ou-side 4ue cowtny bs...","Ans 1o 44 e ques-Iion no 1(A) a,(ii) beiwg disphee d livcs ou-side 4ue cowtny bs...","Size doesn't Matter

Once a lion was sleeping in a forrest.
Suddenly a mouse cam..."
SUMMARY_001,SE_11_Q1_0013,3,Summary,61,29.3355,34.2623,29.3355,34.2459,29.3355,34.2459,0.05,"Ans 1o 44 e ques-Iion no 1(A) a,(ii) beiwg disphee d livcs ou-side 4ue cowtny bs...","Ans 1o 44 e ques-Iion no 1(A) a,(ii) beiwg disphee d livcs ou-side 4ue cowtny bs...","In the poem Hope is compared with
bird. Bird alaways flys here and
there. In the..."
THEME_001,SE_11_Q1_0013,11,Theme,48,37.5565,43.5625,37.5565,43.5625,37.5565,43.5625,0.0,"Ans 1o 44 e ques-Iion no 1(A) a,(ii) beiwg disphee d livcs ou-side 4ue cowtny bs...","Ans 1o 44 e ques-Iion no 1(A) a,(ii) beiwg disphee d livcs ou-side 4ue cowtny bs...","There are two kind of dream. one which
we see while we sleep and another
because..."
CHART_001,SE_11_Q1_0014,8,Graph_Chart,129,8.6667,10.8915,8.6667,10.876,8.6667,10.876,0.14,"Answer No. 4 0 6 Nyow 3 02 9. Arb;Jiaal Indellliqence 6aw, 34 2;n k;4 kind 60 3 ...","Answer No. 4 0 6 Nyow 3 02 9. Arb;Jiaal Indellliqence 6aw, 34 2;n k;4 kind 60 3 ...","The sources of the USA electricity
in 1980

In the given pie-charet we can see t..."
LETTER_001,SE_11_Q1_0014,10,Letter_Email,155,7.3866,9.071,7.3854,9.0645,7.3854,9.0645,0.07,"Answer No. 4 0 6 Nyow 3 02 9. Arb;Jiaal Indellliqence 6aw, 34 2;n k;4 kind 60 3 ...","Answer No. 4 0 6 Nyow 3 02 9. Arb;Jiaal Indellliqence 6aw, 34 2;n k;4 kind 60 3 ...","Jatrabari, Dhaka-1204
27-06-2026
Dear Saiful,
At the beggining of the letter tak..."
PARA_001,SE_11_Q1_0014,7,Paragraph,201,5.3336,6.9652,5.3327,6.9602,5.3327,6.9602,0.07,"Answer No. 4 0 6 Nyow 3 02 9. Arb;Jiaal Indellliqence 6aw, 34 2;n k;4 kind 60 3 ...","Answer No. 4 0 6 Nyow 3 02 9. Arb;Jiaal Indellliqence 6aw, 34 2;n k;4 kind 60 3 ...","Artificial Intelligence

Artificial Intelligence mostly known as AI
is a modern ..."
STORY_001,SE_11_Q1_0014,9,Story,170,7.4414,8.2,7.4414,8.1882,7.4414,8.1882,0.14,"Answer No. 4 0 6 Nyow 3 02 9. Arb;Jiaal Indellliqence 6aw, 34 2;n k;4 kind 60 3 ...","Answer No. 4 0 6 Nyow 3 02 9. Arb;Jiaal Indellliqence 6aw, 34 2;n k;4 kind 60 3 ...","Size doesn't Matter

Once a lion was sleeping in a forrest.
Suddenly a mouse cam..."
SUMMARY_001,SE_11_Q1_0014,3,Summary,61,21.4803,23.1148,21.477,23.082,21.477,23.082,0.14,"Answer No. 4 0 6 Nyow 3 02 9. Arb;Jiaal Indellliqence 6aw, 34 2;n k;4 kind 60 3 ...","Answer No. 4 0 6 Nyow 3 02 9. Arb;Jiaal Indellliqence 6aw, 34 2;n k;4 kind 60 3 ...","In the poem Hope is compared with
bird. Bird alaways flys here and
there. In the..."
THEME_001,SE_11_Q1_0014,11,Theme,48,27.5397,29.3333,27.5397,29.3333,27.5397,29.3333,0.0,"Answer No. 4 0 6 Nyow 3 02 9. Arb;Jiaal Indellliqence 6aw, 34 2;n k;4 kind 60 3 ...","Answer No. 4 0 6 Nyow 3 02 9. Arb;Jiaal Indellliqence 6aw, 34 2;n k;4 kind 60 3 ...","There are two kind of dream. one which
we see while we sleep and another
because..."
CHART_001,SE_11_Q1_0015,8,Graph_Chart,129,8.0056,9.5504,8.0056,9.5504,8.0056,9.5504,0.0,4-e Jve poxg hope Tle pe Kshows =thal ~he hope i alive in Xhe hommnhesr. The po+...,4-e Jve poxg hope Tle pe Kshows =thal ~he hope i alive in Xhe hommnhesr. The po+...,"The sources of the USA electricity
in 1980

In the given pie-charet we can see t..."
LETTER_001,SE_11_Q1_0015,10,Letter_Email,155,6.8258,7.9742,6.8258,7.9742,6.8258,7.9742,0.0,4-e Jve poxg hope Tle pe Kshows =thal ~he hope i alive in Xhe hommnhesr. The po+...,4-e Jve poxg hope Tle pe Kshows =thal ~he hope i alive in Xhe hommnhesr. The po+...,"Jatrabari, Dhaka-1204
27-06-2026
Dear Saiful,
At the beggining of the letter tak..."
PARA_001,SE_11_Q1_0015,7,Paragraph,201,4.9324,6.1244,4.9324,6.1244,4.9324,6.1244,0.0,4-e Jve poxg hope Tle pe Kshows =thal ~he hope i alive in Xhe hommnhesr. The po+...,4-e Jve poxg hope Tle pe Kshows =thal ~he hope i alive in Xhe hommnhesr. The po+...,"Artificial Intelligence

Artificial Intelligence mostly known as AI
is a modern ..."
STORY_001,SE_11_Q1_0015,9,Story,170,6.8706,7.2294,6.8706,7.2294,6.8706,7.2294,0.0,4-e Jve poxg hope Tle pe Kshows =thal ~he hope i alive in Xhe hommnhesr. The po+...,4-e Jve poxg hope Tle pe Kshows =thal ~he hope i alive in Xhe hommnhesr. The po+...,"Size doesn't Matter

Once a lion was sleeping in a forrest.
Suddenly a mouse cam..."
SUMMARY_001,SE_11_Q1_0015,3,Summary,61,19.9013,20.2787,19.9013,20.2787,19.9013,20.2787,0.0,4-e Jve poxg hope Tle pe Kshows =thal ~he hope i alive in Xhe hommnhesr. The po+...,4-e Jve poxg hope Tle pe Kshows =thal ~he hope i alive in Xhe hommnhesr. The po+...,"In the poem Hope is compared with
bird. Bird alaways flys here and
there. In the..."
THEME_001,SE_11_Q1_0015,11,Theme,48,25.5272,25.8333,25.5272,25.8333,25.5272,25.8333,0.0,4-e Jve poxg hope Tle pe Kshows =thal ~he hope i alive in Xhe hommnhesr. The po+...,4-e Jve poxg hope Tle pe Kshows =thal ~he hope i alive in Xhe hommnhesr. The po+...,"There are two kind of dream. one which
we see while we sleep and another
because..."
CHART_001,SE_11_Q1_0016,8,Graph_Chart,129,9.9847,12.3101,9.9819,12.2713,9.9819,12.2713,0.31,"Ans; !o Ahe 9 Vo:1(0} occd livcs owsidc 4ke @n-try: 0) ii. displ oa:..; J0i, 6) ...","Ans; !o Ahe 9 Vo:1(0} occd livcs owsidc 4ke @n-try: 0) ii. displ oa:..; J0i, 6) ...","The sources of the USA electricity
in 1980

In the given pie-charet we can see t..."
LETTER_001,SE_11_Q1_0016,10,Letter_Email,155,8.506,10.2323,8.5036,10.2129,8.5036,10.2129,0.19,"Ans; !o Ahe 9 Vo:1(0} occd livcs owsidc 4ke @n-try: 0) ii. displ oa:..; J0i, 6) ...","Ans; !o Ahe 9 Vo:1(0} occd livcs owsidc 4ke @n-try: 0) ii. displ oa:..; J0i, 6) ...","Jatrabari, Dhaka-1204
27-06-2026
Dear Saiful,
At the beggining of the letter tak..."
PARA_001,SE_11_Q1_0016,7,Paragraph,201,6.1753,7.8806,6.1744,7.8806,6.1744,7.8806,0.0,"Ans; !o Ahe 9 Vo:1(0} occd livcs owsidc 4ke @n-try: 0) ii. displ oa:..; J0i, 6) ...","Ans; !o Ahe 9 Vo:1(0} occd livcs owsidc 4ke @n-try: 0) ii. displ oa:..; J0i, 6) ...","Artificial Intelligence

Artificial Intelligence mostly known as AI
is a modern ..."
STORY_001,SE_11_Q1_0016,9,Story,170,8.5901,9.3353,8.5865,9.3,8.5865,9.3,0.38,"Ans; !o Ahe 9 Vo:1(0} occd livcs owsidc 4ke @n-try: 0) ii. displ oa:..; J0i, 6) ...","Ans; !o Ahe 9 Vo:1(0} occd livcs owsidc 4ke @n-try: 0) ii. displ oa:..; J0i, 6) ...","Size doesn't Matter

Once a lion was sleeping in a forrest.
Suddenly a mouse cam..."
SUMMARY_001,SE_11_Q1_0016,3,Summary,61,24.6217,26.0492,24.6217,25.9836,24.6217,25.9836,0.25,"Ans; !o Ahe 9 Vo:1(0} occd livcs owsidc 4ke @n-try: 0) ii. displ oa:..; J0i, 6) ...","Ans; !o Ahe 9 Vo:1(0} occd livcs owsidc 4ke @n-try: 0) ii. displ oa:..; J0i, 6) ...","In the poem Hope is compared with
bird. Bird alaways flys here and
there. In the..."
THEME_001,SE_11_Q1_0016,11,Theme,48,31.5439,33.1875,31.5439,33.1875,31.5439,33.1875,0.0,"Ans; !o Ahe 9 Vo:1(0} occd livcs owsidc 4ke @n-try: 0) ii. displ oa:..; J0i, 6) ...","Ans; !o Ahe 9 Vo:1(0} occd livcs owsidc 4ke @n-try: 0) ii. displ oa:..; J0i, 6) ...","There are two kind of dream. one which
we see while we sleep and another
because..."
CHART_001,SE_11_Q1_0017,8,Graph_Chart,129,7.6958,10.0388,7.6958,10.031,7.6958,10.031,0.08,"Ans 4o4ho. Tues 'no out 01 Sehoo 61377 71 17 ""0m'. .'4 2 Beina margwahze ;cleo M...","Ans 4o4ho. Tues 'no out 01 Sehoo 61377 71 17 ""0m'. .'4 2 Beina margwahze ;cleo M...","The sources of the USA electricity
in 1980

In the given pie-charet we can see t..."
LETTER_001,SE_11_Q1_0017,10,Letter_Email,155,6.5752,8.3613,6.574,8.3484,6.574,8.3484,0.15,"Ans 4o4ho. Tues 'no out 01 Sehoo 61377 71 17 ""0m'. .'4 2 Beina margwahze ;cleo M...","Ans 4o4ho. Tues 'no out 01 Sehoo 61377 71 17 ""0m'. .'4 2 Beina margwahze ;cleo M...","Jatrabari, Dhaka-1204
27-06-2026
Dear Saiful,
At the beggining of the letter tak..."
PARA_001,SE_11_Q1_0017,7,Paragraph,201,4.7482,6.4328,4.7473,6.4328,4.7473,6.4328,0.0,"Ans 4o4ho. Tues 'no out 01 Sehoo 61377 71 17 ""0m'. .'4 2 Beina margwahze ;cleo M...","Ans 4o4ho. Tues 'no out 01 Sehoo 61377 71 17 ""0m'. .'4 2 Beina margwahze ;cleo M...","Artificial Intelligence

Artificial Intelligence mostly known as AI
is a modern ..."
STORY_001,SE_11_Q1_0017,9,Story,170,6.6131,7.6059,6.6131,7.6,6.6131,7.6,0.08,"Ans 4o4ho. Tues 'no out 01 Sehoo 61377 71 17 ""0m'. .'4 2 Beina margwahze ;cleo M...","Ans 4o4ho. Tues 'no out 01 Sehoo 61377 71 17 ""0m'. .'4 2 Beina margwahze ;cleo M...","Size doesn't Matter

Once a lion was sleeping in a forrest.
Suddenly a mouse cam..."
SUMMARY_001,SE_11_Q1_0017,3,Summary,61,19.1743,21.2951,19.1711,21.2787,19.1711,21.2787,0.08,"Ans 4o4ho. Tues 'no out 01 Sehoo 61377 71 17 ""0m'. .'4 2 Beina margwahze ;cleo M...","Ans 4o4ho. Tues 'no out 01 Sehoo 61377 71 17 ""0m'. .'4 2 Beina margwahze ;cleo M...","In the poem Hope is compared with
bird. Bird alaways flys here and
there. In the..."
THEME_001,SE_11_Q1_0017,11,Theme,48,24.5858,27.125,24.5858,27.125,24.5858,27.125,0.0,"Ans 4o4ho. Tues 'no out 01 Sehoo 61377 71 17 ""0m'. .'4 2 Beina margwahze ;cleo M...","Ans 4o4ho. Tues 'no out 01 Sehoo 61377 71 17 ""0m'. .'4 2 Beina margwahze ;cleo M...","There are two kind of dream. one which
we see while we sleep and another
because..."
CHART_001,SE_11_Q1_0018,8,Graph_Chart,129,10.2208,12.6434,10.2208,12.6434,10.2208,12.6434,0.0,Ans l Jhe que 7:01 1 A (a) ji. sellles JXL anolher 1 (6) 'ii' Yaing abjcels nn i...,Ans l Jhe que 7:01 1 A (a) ji. sellles JXL anolher 1 (6) 'ii' Yaing abjcels nn i...,"The sources of the USA electricity
in 1980

In the given pie-charet we can see t..."
LETTER_001,SE_11_Q1_0018,10,Letter_Email,155,8.7208,10.5419,8.7208,10.5419,8.7208,10.5419,0.0,Ans l Jhe que 7:01 1 A (a) ji. sellles JXL anolher 1 (6) 'ii' Yaing abjcels nn i...,Ans l Jhe que 7:01 1 A (a) ji. sellles JXL anolher 1 (6) 'ii' Yaing abjcels nn i...,"Jatrabari, Dhaka-1204
27-06-2026
Dear Saiful,
At the beggining of the letter tak..."
PARA_001,SE_11_Q1_0018,7,Paragraph,201,6.3238,8.0846,6.323,8.0846,6.323,8.0846,0.0,Ans l Jhe que 7:01 1 A (a) ji. sellles JXL anolher 1 (6) 'ii' Yaing abjcels nn i...,Ans l Jhe que 7:01 1 A (a) ji. sellles JXL anolher 1 (6) 'ii' Yaing abjcels nn i...,"Artificial Intelligence

Artificial Intelligence mostly known as AI
is a modern ..."
STORY_001,SE_11_Q1_0018,9,Story,170,8.7981,9.5882,8.7981,9.5765,8.7981,9.5765,0.12,Ans l Jhe que 7:01 1 A (a) ji. sellles JXL anolher 1 (6) 'ii' Yaing abjcels nn i...,Ans l Jhe que 7:01 1 A (a) ji. sellles JXL anolher 1 (6) 'ii' Yaing abjcels nn i...,"Size doesn't Matter

Once a lion was sleeping in a forrest.
Suddenly a mouse cam..."
SUMMARY_001,SE_11_Q1_0018,3,Summary,61,25.2336,26.8033,25.2336,26.7869,25.2336,26.7869,0.06,Ans l Jhe que 7:01 1 A (a) ji. sellles JXL anolher 1 (6) 'ii' Yaing abjcels nn i...,Ans l Jhe que 7:01 1 A (a) ji. sellles JXL anolher 1 (6) 'ii' Yaing abjcels nn i...,"In the poem Hope is compared with
bird. Bird alaways flys here and
there. In the..."
THEME_001,SE_11_Q1_0018,11,Theme,48,32.3347,34.125,32.3347,34.125,32.3347,34.125,0.0,Ans l Jhe que 7:01 1 A (a) ji. sellles JXL anolher 1 (6) 'ii' Yaing abjcels nn i...,Ans l Jhe que 7:01 1 A (a) ji. sellles JXL anolher 1 (6) 'ii' Yaing abjcels nn i...,"There are two kind of dream. one which
we see while we sleep and another
because..."
CHART_001,SE_11_Q1_0019,8,Graph_Chart,129,12.2111,15.3876,12.2111,15.3798,12.2111,15.3798,0.05,Ans 4o Jhc G: no: 2 iow chart show miseri es 0f diral {71 4desh when marni ed m ...,Ans 4o Jhc G: no: 2 iow chart show miseri es 0f diral {71 4desh when marni ed m ...,"The sources of the USA electricity
in 1980

In the given pie-charet we can see t..."
LETTER_001,SE_11_Q1_0019,10,Letter_Email,155,10.4141,12.7871,10.4129,12.7806,10.4129,12.7806,0.05,Ans 4o Jhc G: no: 2 iow chart show miseri es 0f diral {71 4desh when marni ed m ...,Ans 4o Jhc G: no: 2 iow chart show miseri es 0f diral {71 4desh when marni ed m ...,"Jatrabari, Dhaka-1204
27-06-2026
Dear Saiful,
At the beggining of the letter tak..."
PARA_001,SE_11_Q1_0019,7,Paragraph,201,7.581,9.8507,7.581,9.8507,7.581,9.8507,0.0,Ans 4o Jhc G: no: 2 iow chart show miseri es 0f diral {71 4desh when marni ed m ...,Ans 4o Jhc G: no: 2 iow chart show miseri es 0f diral {71 4desh when marni ed m ...,"Artificial Intelligence

Artificial Intelligence mostly known as AI
is a modern ..."
STORY_001,SE_11_Q1_0019,9,Story,170,10.5284,11.6353,10.5272,11.6294,10.5272,11.6294,0.05,Ans 4o Jhc G: no: 2 iow chart show miseri es 0f diral {71 4desh when marni ed m ...,Ans 4o Jhc G: no: 2 iow chart show miseri es 0f diral {71 4desh when marni ed m ...,"Size doesn't Matter

Once a lion was sleeping in a forrest.
Suddenly a mouse cam..."
SUMMARY_001,SE_11_Q1_0019,3,Summary,61,29.9803,32.5902,29.9803,32.5902,29.9803,32.5902,0.0,Ans 4o Jhc G: no: 2 iow chart show miseri es 0f diral {71 4desh when marni ed m ...,Ans 4o Jhc G: no: 2 iow chart show miseri es 0f diral {71 4desh when marni ed m ...,"In the poem Hope is compared with
bird. Bird alaways flys here and
there. In the..."
THEME_001,SE_11_Q1_0019,11,Theme,48,38.3808,41.5208,38.3808,41.5208,38.3808,41.5208,0.0,Ans 4o Jhc G: no: 2 iow chart show miseri es 0f diral {71 4desh when marni ed m ...,Ans 4o Jhc G: no: 2 iow chart show miseri es 0f diral {71 4desh when marni ed m ...,"There are two kind of dream. one which
we see while we sleep and another
because..."
CHART_001,SE_11_Q1_0020,8,Graph_Chart,129,9.7958,12.3643,9.7958,12.3566,9.7958,12.3566,0.06,"Angwerr to (ke Queslion No. i() iii. dispkxred arlside 6.fi Yii""{ '0 T blockadle...","Angwerr to (ke Queslion No. i() iii. dispkxred arlside 6.fi Yii""{ '0 T blockadle...","The sources of the USA electricity
in 1980

In the given pie-charet we can see t..."
LETTER_001,SE_11_Q1_0020,10,Letter_Email,155,8.3604,10.2774,8.3604,10.271,8.3604,10.271,0.06,"Angwerr to (ke Queslion No. i() iii. dispkxred arlside 6.fi Yii""{ '0 T blockadle...","Angwerr to (ke Queslion No. i() iii. dispkxred arlside 6.fi Yii""{ '0 T blockadle...","Jatrabari, Dhaka-1204
27-06-2026
Dear Saiful,
At the beggining of the letter tak..."
PARA_001,SE_11_Q1_0020,7,Paragraph,201,6.0596,7.8905,6.0587,7.8905,6.0587,7.8905,0.0,"Angwerr to (ke Queslion No. i() iii. dispkxred arlside 6.fi Yii""{ '0 T blockadle...","Angwerr to (ke Queslion No. i() iii. dispkxred arlside 6.fi Yii""{ '0 T blockadle...","Artificial Intelligence

Artificial Intelligence mostly known as AI
is a modern ..."
STORY_001,SE_11_Q1_0020,9,Story,170,8.4184,9.3235,8.4184,9.3176,8.4184,9.3176,0.06,"Angwerr to (ke Queslion No. i() iii. dispkxred arlside 6.fi Yii""{ '0 T blockadle...","Angwerr to (ke Queslion No. i() iii. dispkxred arlside 6.fi Yii""{ '0 T blockadle...","Size doesn't Matter

Once a lion was sleeping in a forrest.
Suddenly a mouse cam..."
SUMMARY_001,SE_11_Q1_0020,3,Summary,61,24.1941,26.1311,24.1941,26.1148,24.1941,26.1148,0.06,"Angwerr to (ke Queslion No. i() iii. dispkxred arlside 6.fi Yii""{ '0 T blockadle...","Angwerr to (ke Queslion No. i() iii. dispkxred arlside 6.fi Yii""{ '0 T blockadle...","In the poem Hope is compared with
bird. Bird alaways flys here and
there. In the..."
THEME_001,SE_11_Q1_0020,11,Theme,48,31.0,33.3125,31.0,33.3125,31.0,33.3125,0.0,"Angwerr to (ke Queslion No. i() iii. dispkxred arlside 6.fi Yii""{ '0 T blockadle...","Angwerr to (ke Queslion No. i() iii. dispkxred arlside 6.fi Yii""{ '0 T blockadle...","There are two kind of dream. one which
we see while we sleep and another
because..."
CHART_001,SE_11_Q1_0021,8,Graph_Chart,129,8.3667,10.6512,8.3667,10.6512,8.3667,10.6512,0.0,Ano ~e cO) Md (A) Iu) d1 plaeed liv e) outusicke ~o_ covmrtra: Ayina obyccta 'V0...,Ano ~e cO) Md (A) Iu) d1 plaeed liv e) outusicke ~o_ covmrtra: Ayina obyccta 'V0...,"The sources of the USA electricity
in 1980

In the given pie-charet we can see t..."
LETTER_001,SE_11_Q1_0021,10,Letter_Email,155,7.1325,8.8516,7.1325,8.8516,7.1325,8.8516,0.0,Ano ~e cO) Md (A) Iu) d1 plaeed liv e) outusicke ~o_ covmrtra: Ayina obyccta 'V0...,Ano ~e cO) Md (A) Iu) d1 plaeed liv e) outusicke ~o_ covmrtra: Ayina obyccta 'V0...,"Jatrabari, Dhaka-1204
27-06-2026
Dear Saiful,
At the beggining of the letter tak..."
PARA_001,SE_11_Q1_0021,7,Paragraph,201,5.1779,6.8308,5.1779,6.8308,5.1779,6.8308,0.0,Ano ~e cO) Md (A) Iu) d1 plaeed liv e) outusicke ~o_ covmrtra: Ayina obyccta 'V0...,Ano ~e cO) Md (A) Iu) d1 plaeed liv e) outusicke ~o_ covmrtra: Ayina obyccta 'V0...,"Artificial Intelligence

Artificial Intelligence mostly known as AI
is a modern ..."
STORY_001,SE_11_Q1_0021,9,Story,170,7.1983,8.0471,7.1983,8.0471,7.1983,8.0471,0.0,Ano ~e cO) Md (A) Iu) d1 plaeed liv e) outusicke ~o_ covmrtra: Ayina obyccta 'V0...,Ano ~e cO) Md (A) Iu) d1 plaeed liv e) outusicke ~o_ covmrtra: Ayina obyccta 'V0...,"Size doesn't Matter

Once a lion was sleeping in a forrest.
Suddenly a mouse cam..."
SUMMARY_001,SE_11_Q1_0021,3,Summary,61,20.7632,22.5574,20.7632,22.5574,20.7632,22.5574,0.0,Ano ~e cO) Md (A) Iu) d1 plaeed liv e) outusicke ~o_ covmrtra: Ayina obyccta 'V0...,Ano ~e cO) Md (A) Iu) d1 plaeed liv e) outusicke ~o_ covmrtra: Ayina obyccta 'V0...,"In the poem Hope is compared with
bird. Bird alaways flys here and
there. In the..."
THEME_001,SE_11_Q1_0021,11,Theme,48,26.6234,28.7292,26.6234,28.7292,26.6234,28.7292,0.0,Ano ~e cO) Md (A) Iu) d1 plaeed liv e) outusicke ~o_ covmrtra: Ayina obyccta 'V0...,Ano ~e cO) Md (A) Iu) d1 plaeed liv e) outusicke ~o_ covmrtra: Ayina obyccta 'V0...,"There are two kind of dream. one which
we see while we sleep and another
because..."
CHART_001,SE_11_Q1_0022,8,Graph_Chart,129,11.7333,15.5814,11.7333,15.5659,11.7333,15.5659,0.1,"w Ann to Se uenlion No: 1 A ~17 '1 othe iven n (a) (W) dieglaced 4,*:;1 ft 7 (6)...","w Ann to Se uenlion No: 1 A ~17 '1 othe iven n (a) (W) dieglaced 4,*:;1 ft 7 (6)...","The sources of the USA electricity
in 1980

In the given pie-charet we can see t..."
LETTER_001,SE_11_Q1_0022,10,Letter_Email,155,10.0167,12.9548,10.0167,12.9419,10.0167,12.9419,0.1,"w Ann to Se uenlion No: 1 A ~17 '1 othe iven n (a) (W) dieglaced 4,*:;1 ft 7 (6)...","w Ann to Se uenlion No: 1 A ~17 '1 othe iven n (a) (W) dieglaced 4,*:;1 ft 7 (6)...","Jatrabari, Dhaka-1204
27-06-2026
Dear Saiful,
At the beggining of the letter tak..."
PARA_001,SE_11_Q1_0022,7,Paragraph,201,7.2874,10.0,7.2847,10.0,7.2847,10.0,0.0,"w Ann to Se uenlion No: 1 A ~17 '1 othe iven n (a) (W) dieglaced 4,*:;1 ft 7 (6)...","w Ann to Se uenlion No: 1 A ~17 '1 othe iven n (a) (W) dieglaced 4,*:;1 ft 7 (6)...","Artificial Intelligence

Artificial Intelligence mostly known as AI
is a modern ..."
STORY_001,SE_11_Q1_0022,9,Story,170,10.0979,11.7588,10.0967,11.7471,10.0967,11.7471,0.1,"w Ann to Se uenlion No: 1 A ~17 '1 othe iven n (a) (W) dieglaced 4,*:;1 ft 7 (6)...","w Ann to Se uenlion No: 1 A ~17 '1 othe iven n (a) (W) dieglaced 4,*:;1 ft 7 (6)...","Size doesn't Matter

Once a lion was sleeping in a forrest.
Suddenly a mouse cam..."
SUMMARY_001,SE_11_Q1_0022,3,Summary,61,28.8158,33.0328,28.8158,33.0328,28.8158,33.0328,0.0,"w Ann to Se uenlion No: 1 A ~17 '1 othe iven n (a) (W) dieglaced 4,*:;1 ft 7 (6)...","w Ann to Se uenlion No: 1 A ~17 '1 othe iven n (a) (W) dieglaced 4,*:;1 ft 7 (6)...","In the poem Hope is compared with
bird. Bird alaways flys here and
there. In the..."
THEME_001,SE_11_Q1_0022,11,Theme,48,36.8745,42.1458,36.8745,42.1458,36.8745,42.1458,0.0,"w Ann to Se uenlion No: 1 A ~17 '1 othe iven n (a) (W) dieglaced 4,*:;1 ft 7 (6)...","w Ann to Se uenlion No: 1 A ~17 '1 othe iven n (a) (W) dieglaced 4,*:;1 ft 7 (6)...","There are two kind of dream. one which
we see while we sleep and another
because..."
CHART_001,SE_11_Q1_0023,8,Graph_Chart,129,10.4083,13.5969,10.4083,13.5969,10.4083,13.5969,0.0,Ans Jo Ihe 9u ction ~o! g (A) Mi iic beln9 disepced Iive} ou-tsile Jhc oun tn} A...,Ans Jo Ihe 9u ction ~o! g (A) Mi iic beln9 disepced Iive} ou-tsile Jhc oun tn} A...,"The sources of the USA electricity
in 1980

In the given pie-charet we can see t..."
LETTER_001,SE_11_Q1_0023,10,Letter_Email,155,8.864,11.3032,8.864,11.2968,8.864,11.2968,0.06,Ans Jo Ihe 9u ction ~o! g (A) Mi iic beln9 disepced Iive} ou-tsile Jhc oun tn} A...,Ans Jo Ihe 9u ction ~o! g (A) Mi iic beln9 disepced Iive} ou-tsile Jhc oun tn} A...,"Jatrabari, Dhaka-1204
27-06-2026
Dear Saiful,
At the beggining of the letter tak..."
PARA_001,SE_11_Q1_0023,7,Paragraph,201,6.4333,8.6816,6.4324,8.6816,6.4324,8.6816,0.0,Ans Jo Ihe 9u ction ~o! g (A) Mi iic beln9 disepced Iive} ou-tsile Jhc oun tn} A...,Ans Jo Ihe 9u ction ~o! g (A) Mi iic beln9 disepced Iive} ou-tsile Jhc oun tn} A...,"Artificial Intelligence

Artificial Intelligence mostly known as AI
is a modern ..."
STORY_001,SE_11_Q1_0023,9,Story,170,8.942,10.2471,8.9407,10.2471,8.9407,10.2471,0.0,Ans Jo Ihe 9u ction ~o! g (A) Mi iic beln9 disepced Iive} ou-tsile Jhc oun tn} A...,Ans Jo Ihe 9u ction ~o! g (A) Mi iic beln9 disepced Iive} ou-tsile Jhc oun tn} A...,"Size doesn't Matter

Once a lion was sleeping in a forrest.
Suddenly a mouse cam..."
SUMMARY_001,SE_11_Q1_0023,3,Summary,61,25.6941,28.9344,25.6941,28.9344,25.6941,28.9344,0.0,Ans Jo Ihe 9u ction ~o! g (A) Mi iic beln9 disepced Iive} ou-tsile Jhc oun tn} A...,Ans Jo Ihe 9u ction ~o! g (A) Mi iic beln9 disepced Iive} ou-tsile Jhc oun tn} A...,"In the poem Hope is compared with
bird. Bird alaways flys here and
there. In the..."
THEME_001,SE_11_Q1_0023,11,Theme,48,32.9247,36.8542,32.9247,36.8542,32.9247,36.8542,0.0,Ans Jo Ihe 9u ction ~o! g (A) Mi iic beln9 disepced Iive} ou-tsile Jhc oun tn} A...,Ans Jo Ihe 9u ction ~o! g (A) Mi iic beln9 disepced Iive} ou-tsile Jhc oun tn} A...,"There are two kind of dream. one which
we see while we sleep and another
because..."
CHART_001,SE_11_Q1_0024,8,Graph_Chart,129,9.7917,12.062,9.7903,12.062,9.7903,12.062,0.0,Amns Alo Aho 7 mo 1 a Xrd) displaQd Jive s ovlsida_ iha_ counkty W b #lyma objec...,Amns Alo Aho 7 mo 1 a Xrd) displaQd Jive s ovlsida_ iha_ counkty W b #lyma objec...,"The sources of the USA electricity
in 1980

In the given pie-charet we can see t..."
LETTER_001,SE_11_Q1_0024,10,Letter_Email,155,8.3353,10.0,8.3341,10.0,8.3341,10.0,0.0,Amns Alo Aho 7 mo 1 a Xrd) displaQd Jive s ovlsida_ iha_ counkty W b #lyma objec...,Amns Alo Aho 7 mo 1 a Xrd) displaQd Jive s ovlsida_ iha_ counkty W b #lyma objec...,"Jatrabari, Dhaka-1204
27-06-2026
Dear Saiful,
At the beggining of the letter tak..."
PARA_001,SE_11_Q1_0024,7,Paragraph,201,6.0445,7.6816,6.0436,7.6816,6.0436,7.6816,0.0,Amns Alo Aho 7 mo 1 a Xrd) displaQd Jive s ovlsida_ iha_ counkty W b #lyma objec...,Amns Alo Aho 7 mo 1 a Xrd) displaQd Jive s ovlsida_ iha_ counkty W b #lyma objec...,"Artificial Intelligence

Artificial Intelligence mostly known as AI
is a modern ..."
STORY_001,SE_11_Q1_0024,9,Story,170,8.4087,9.0882,8.4075,9.0882,8.4075,9.0882,0.0,Amns Alo Aho 7 mo 1 a Xrd) displaQd Jive s ovlsida_ iha_ counkty W b #lyma objec...,Amns Alo Aho 7 mo 1 a Xrd) displaQd Jive s ovlsida_ iha_ counkty W b #lyma objec...,"Size doesn't Matter

Once a lion was sleeping in a forrest.
Suddenly a mouse cam..."
SUMMARY_001,SE_11_Q1_0024,3,Summary,61,24.2007,25.5574,24.1974,25.5574,24.1974,25.5574,0.0,Amns Alo Aho 7 mo 1 a Xrd) displaQd Jive s ovlsida_ iha_ counkty W b #lyma objec...,Amns Alo Aho 7 mo 1 a Xrd) displaQd Jive s ovlsida_ iha_ counkty W b #lyma objec...,"In the poem Hope is compared with
bird. Bird alaways flys here and
there. In the..."
THEME_001,SE_11_Q1_0024,11,Theme,48,31.0335,32.5208,31.0293,32.5208,31.0293,32.5208,0.0,Amns Alo Aho 7 mo 1 a Xrd) displaQd Jive s ovlsida_ iha_ counkty W b #lyma objec...,Amns Alo Aho 7 mo 1 a Xrd) displaQd Jive s ovlsida_ iha_ counkty W b #lyma objec...,"There are two kind of dream. one which
we see while we sleep and another
because..."
